"campaignid","sample","family","genus","species","length","min.length","max.length","fb.length_max","reason","difference","percent.of.fb.max"
"2020-10_south-west_stereo-BRUVs","IO72","Labridae","Coris","auricularis",368.86519,60,340,400,"too big",28.86519,92.2162975
"2020-10_south-west_stereo-BRUVs","FHA","Labridae","Austrolabrus","maculatus",110.01759,18.825,106.675,125.5,"too big",3.34259,87.6634183266932
"2020-10_south-west_stereo-BRUVs","FHA","Labridae","Suezichthys","bifurcatus",135.05037,13.5,76.5,90,"too big",58.55037,150.055966666667
"2020-10_south-west_stereo-BRUVs","FHA","Gerreidae","Parequula","melbournensis",895.95868,33,187,220,"too big",708.95868,407.253945454545
"2020-10_south-west_stereo-BRUVs","FHA","Rhinobatidae","Aptychotrema","vincentiana",863.28712,118.5,671.5,790,"too big",191.78712,109.276850632911
"2020-10_south-west_stereo-BRUVs","FHA","Labridae","Eupetrichthys","angustipes",580.71495,18.6,105.4,124,"too big",475.31495,468.318508064516
"2020-10_south-west_stereo-BRUVs","IO65","Labridae","Eupetrichthys","angustipes",111.87806,18.6,105.4,124,"too big",6.47806000000001,90.2242419354839
"2020-10_south-west_stereo-BRUVs","FH5","Labridae","Coris","auricularis",1594.39895,60,340,400,"too big",1254.39895,398.5997375
"2020-10_south-west_stereo-BRUVs","FH5","Pomacentridae","Parma","occidentalis",245.48145,19.5,110.5,130,"too big",134.98145,188.831884615385
"2020-10_south-west_stereo-BRUVs","FH5","Scorpididae","Neatypus","obliquus",202.43796,33,187,220,"too big",15.43796,92.0172545454545
"2020-10_south-west_stereo-BRUVs","FH5","Scorpididae","Neatypus","obliquus",189.27091,33,187,220,"too big",2.27090999999999,86.0322318181818
"2020-10_south-west_stereo-BRUVs","FH5","Scorpididae","Neatypus","obliquus",197.83844,33,187,220,"too big",10.83844,89.9265636363636
"2020-10_south-west_stereo-BRUVs","FH5","Scorpididae","Neatypus","obliquus",198.06024,33,187,220,"too big",11.06024,90.0273818181818
"2020-10_south-west_stereo-BRUVs","IO227","Scorpididae","Tilodon","sexfasciatus",348.61713,60,340,400,"too big",8.61712999999997,87.1542825
"2020-10_south-west_stereo-BRUVs","FH7","Pomacentridae","Chromis","klunzingeri",70.95879,9.75,55.25,65,"too big",15.70879,109.167369230769
"2020-10_south-west_stereo-BRUVs","FH7","Pomacentridae","Chromis","klunzingeri",64.90817,9.75,55.25,65,"too big",9.65817,99.8587230769231
"2020-10_south-west_stereo-BRUVs","FH7","Pomacentridae","Chromis","klunzingeri",56.73488,9.75,55.25,65,"too big",1.48488,87.2844307692308
"2020-10_south-west_stereo-BRUVs","FH7","Monacanthidae","Acanthaluteres","brownii",481.34073,82.5,467.5,550,"too big",13.84073,87.5164963636364
"2020-10_south-west_stereo-BRUVs","FH7","Scorpididae","Neatypus","obliquus",199.39156,33,187,220,"too big",12.39156,90.6325272727273
"2020-10_south-west_stereo-BRUVs","FH7","Scorpididae","Neatypus","obliquus",193.14727,33,187,220,"too big",6.14726999999999,87.7942136363636
"2020-10_south-west_stereo-BRUVs","FH7","Scorpididae","Neatypus","obliquus",193.41766,33,187,220,"too big",6.41766000000001,87.9171181818182
"2020-10_south-west_stereo-BRUVs","FH7","Scorpididae","Neatypus","obliquus",196.67446,33,187,220,"too big",9.67446000000001,89.3974818181818
"2020-10_south-west_stereo-BRUVs","FH7","Scorpididae","Neatypus","obliquus",199.48046,33,187,220,"too big",12.48046,90.6729363636364
"2020-10_south-west_stereo-BRUVs","IO229","Labridae","Pseudolabrus","biserialis",146.78447,25.8,146.2,172,"too big",0.58447000000001,85.3398081395349
"2020-10_south-west_stereo-BRUVs","IO229","Labridae","Coris","auricularis",372.54339,60,340,400,"too big",32.54339,93.1358475
"2020-10_south-west_stereo-BRUVs","IO229","Labridae","Coris","auricularis",394.67199,60,340,400,"too big",54.67199,98.6679975
"2020-10_south-west_stereo-BRUVs","IO229","Scorpididae","Neatypus","obliquus",209.89511,33,187,220,"too big",22.89511,95.4068681818182
"2020-10_south-west_stereo-BRUVs","IO229","Monacanthidae","Acanthaluteres","brownii",494.40129,82.5,467.5,550,"too big",26.90129,89.8911436363636
"2020-10_south-west_stereo-BRUVs","IO46","Oplegnathidae","Oplegnathus","woodwardi",387.28283,67.5,382.5,450,"too big",4.78282999999999,86.0628511111111
"2020-10_south-west_stereo-BRUVs","IO101","Labridae","Eupetrichthys","angustipes",114.57606,18.6,105.4,124,"too big",9.17606000000001,92.4000483870968
"2020-10_south-west_stereo-BRUVs","IO102","Pomacentridae","Chromis","klunzingeri",55.67627,9.75,55.25,65,"too big",0.426270000000002,85.6558
"2020-10_south-west_stereo-BRUVs","IO102","Monacanthidae","Scobinichthys","granulatus",265.31053,45,255,300,"too big",10.31053,88.4368433333333
"2020-10_south-west_stereo-BRUVs","IO102","Labridae","Bodianus","frenchii",387.92589,67.5,382.5,450,"too big",5.42588999999998,86.2057533333333
"2020-10_south-west_stereo-BRUVs","IO102","Scorpididae","Neatypus","obliquus",196.32175,33,187,220,"too big",9.32175000000001,89.2371590909091
"2020-10_south-west_stereo-BRUVs","IO102","Scorpididae","Neatypus","obliquus",195.00191,33,187,220,"too big",8.00191000000001,88.6372318181818
"2020-10_south-west_stereo-BRUVs","IO102","Scorpididae","Neatypus","obliquus",217.31219,33,187,220,"too big",30.31219,98.7782681818182
"2020-10_south-west_stereo-BRUVs","IO241","Scorpididae","Neatypus","obliquus",187.26799,33,187,220,"too big",0.267989999999998,85.1218136363636
"2020-10_south-west_stereo-BRUVs","IO241","Scorpididae","Neatypus","obliquus",187.1022,33,187,220,"too big",0.102200000000011,85.0464545454546
"2020-10_south-west_stereo-BRUVs","IO192","Labridae","Suezichthys","bifurcatus",101.46142,13.5,76.5,90,"too big",24.96142,112.734911111111
"2020-10_south-west_stereo-BRUVs","IO211","Labridae","Pseudolabrus","biserialis",159.31071,25.8,146.2,172,"too big",13.11071,92.6225058139535
"2020-10_south-west_stereo-BRUVs","IO211","Pomacentridae","Chromis","klunzingeri",65.41159,9.75,55.25,65,"too big",10.16159,100.633215384615
"2020-10_south-west_stereo-BRUVs","IO211","Pomacentridae","Chromis","klunzingeri",55.65048,9.75,55.25,65,"too big",0.400480000000002,85.6161230769231
"2020-10_south-west_stereo-BRUVs","IO211","Pomacentridae","Chromis","klunzingeri",61.98681,9.75,55.25,65,"too big",6.73681,95.3643230769231
"2020-10_south-west_stereo-BRUVs","IO211","Pomacentridae","Chromis","klunzingeri",59.40304,9.75,55.25,65,"too big",4.15304,91.3892923076923
"2020-10_south-west_stereo-BRUVs","IO211","Pomacentridae","Chromis","klunzingeri",64.94135,9.75,55.25,65,"too big",9.69135,99.9097692307692
"2020-10_south-west_stereo-BRUVs","FHB","Labridae","Pseudolabrus","biserialis",180.04256,25.8,146.2,172,"too big",33.84256,104.675906976744
"2020-10_south-west_stereo-BRUVs","FHB","Labridae","Austrolabrus","maculatus",521.5977,18.825,106.675,125.5,"too big",414.9227,415.615697211155
"2020-10_south-west_stereo-BRUVs","FH108","Labridae","Eupetrichthys","angustipes",142.07878,18.6,105.4,124,"too big",36.67878,114.579661290323
"2020-10_south-west_stereo-BRUVs","FH108","Monacanthidae","Meuschenia","freycineti",565.70267,90,510,600,"too big",55.70267,94.2837783333333
"2020-10_south-west_stereo-BRUVs","FH102","Labridae","Coris","auricularis",378.8548,60,340,400,"too big",38.8548,94.7137
"2020-10_south-west_stereo-BRUVs","FH95","Oplegnathidae","Oplegnathus","woodwardi",415.9751,67.5,382.5,450,"too big",33.4751,92.4389111111111
"2020-10_south-west_stereo-BRUVs","FH95","Labridae","Pseudolabrus","biserialis",170.63853,25.8,146.2,172,"too big",24.43853,99.2084476744186
"2020-10_south-west_stereo-BRUVs","FH95","Labridae","Pseudolabrus","biserialis",180.3515,25.8,146.2,172,"too big",34.1515,104.855523255814
"2020-10_south-west_stereo-BRUVs","FH95","Pomacentridae","Chromis","klunzingeri",61.11262,9.75,55.25,65,"too big",5.86262,94.0194153846154
"2020-10_south-west_stereo-BRUVs","FH95","Monacanthidae","Meuschenia","galii",355.41396,51,289,340,"too big",66.41396,104.533517647059
"2020-10_south-west_stereo-BRUVs","FH95","Scorpididae","Scorpis","georgiana",296.79308,49.5,280.5,330,"too big",16.29308,89.937296969697
"2020-10_south-west_stereo-BRUVs","FH95","Scorpididae","Neatypus","obliquus",193.8024,33,187,220,"too big",6.80240000000001,88.092
"2020-10_south-west_stereo-BRUVs","FH95","Scorpididae","Neatypus","obliquus",199.54728,33,187,220,"too big",12.54728,90.7033090909091
"2020-10_south-west_stereo-BRUVs","FH95","Scorpididae","Neatypus","obliquus",199.81401,33,187,220,"too big",12.81401,90.82455
"2020-10_south-west_stereo-BRUVs","FH95","Scorpididae","Neatypus","obliquus",201.47152,33,187,220,"too big",14.47152,91.5779636363636
"2020-10_south-west_stereo-BRUVs","FH95","Scorpididae","Neatypus","obliquus",225.24883,33,187,220,"too big",38.24883,102.385831818182
"2020-10_south-west_stereo-BRUVs","FH95","Scorpididae","Neatypus","obliquus",210.72682,33,187,220,"too big",23.72682,95.7849181818182
"2020-10_south-west_stereo-BRUVs","IO280","Oplegnathidae","Oplegnathus","woodwardi",442.46068,67.5,382.5,450,"too big",59.96068,98.3245955555556
"2020-10_south-west_stereo-BRUVs","FH34","Labridae","Coris","auricularis",408.72816,60,340,400,"too big",68.72816,102.18204
"2020-10_south-west_stereo-BRUVs","FH34","Labridae","Eupetrichthys","angustipes",125.13815,18.6,105.4,124,"too big",19.73815,100.917862903226
"2020-10_south-west_stereo-BRUVs","FH34","Pomacentridae","Chromis","klunzingeri",75.12748,9.75,55.25,65,"too big",19.87748,115.580738461538
"2020-10_south-west_stereo-BRUVs","FH34","Pomacentridae","Chromis","klunzingeri",60.76066,9.75,55.25,65,"too big",5.51066,93.4779384615385
"2020-10_south-west_stereo-BRUVs","FH34","Labridae","Austrolabrus","maculatus",111.34362,18.825,106.675,125.5,"too big",4.66862,88.720015936255
"2020-10_south-west_stereo-BRUVs","FH34","Scorpididae","Neatypus","obliquus",210.10244,33,187,220,"too big",23.10244,95.5011090909091
"2020-10_south-west_stereo-BRUVs","FH34","Scorpididae","Neatypus","obliquus",188.64148,33,187,220,"too big",1.64148,85.7461272727273
"2020-10_south-west_stereo-BRUVs","FH34","Scorpididae","Neatypus","obliquus",209.66123,33,187,220,"too big",22.66123,95.3005590909091
"2020-10_south-west_stereo-BRUVs","FH34","Scorpididae","Neatypus","obliquus",199.88024,33,187,220,"too big",12.88024,90.8546545454545
"2020-10_south-west_stereo-BRUVs","FH34","Scorpididae","Neatypus","obliquus",219.36622,33,187,220,"too big",32.36622,99.7119181818182
"2020-10_south-west_stereo-BRUVs","FH44","Labridae","Eupetrichthys","angustipes",111.48096,18.6,105.4,124,"too big",6.08096,89.904
"2020-10_south-west_stereo-BRUVs","FH44","Pomacentridae","Chromis","klunzingeri",56.9403,9.75,55.25,65,"too big",1.6903,87.6004615384615
"2020-10_south-west_stereo-BRUVs","FH44","Labridae","Austrolabrus","maculatus",108.18589,18.825,106.675,125.5,"too big",1.51089,86.2038964143426
"2020-10_south-west_stereo-BRUVs","FH44","Labridae","Pseudolabrus","biserialis",153.0945,25.8,146.2,172,"too big",6.89450000000002,89.0084302325581
"2020-10_south-west_stereo-BRUVs","FH44","Scorpididae","Neatypus","obliquus",192.8294,33,187,220,"too big",5.82939999999999,87.6497272727273
"2020-10_south-west_stereo-BRUVs","FH44","Scorpididae","Neatypus","obliquus",189.36563,33,187,220,"too big",2.36563000000001,86.0752863636364
"2020-10_south-west_stereo-BRUVs","FH44","Scorpididae","Neatypus","obliquus",196.42025,33,187,220,"too big",9.42025000000001,89.2819318181818
"2020-10_south-west_stereo-BRUVs","FH44","Scorpididae","Neatypus","obliquus",192.72097,33,187,220,"too big",5.72096999999999,87.6004409090909
"2020-10_south-west_stereo-BRUVs","FH44","Scorpididae","Neatypus","obliquus",190.76565,33,187,220,"too big",3.76564999999999,86.7116590909091
"2020-10_south-west_stereo-BRUVs","FH44","Scorpididae","Neatypus","obliquus",187.87074,33,187,220,"too big",0.870740000000012,85.3957909090909
"2020-10_south-west_stereo-BRUVs","FH44","Monacanthidae","Acanthaluteres","brownii",484.37651,82.5,467.5,550,"too big",16.87651,88.0684563636364
"2020-10_south-west_stereo-BRUVs","IO37","Pinguipedidae","Parapercis","haackei",111.45505,15,85,100,"too big",26.45505,111.45505
"2020-10_south-west_stereo-BRUVs","FH28","Monacanthidae","Meuschenia","freycineti",515.19946,90,510,600,"too big",5.19946000000004,85.8665766666667
"2020-10_south-west_stereo-BRUVs","FH30","Scorpididae","Tilodon","sexfasciatus",364.311,60,340,400,"too big",24.311,91.07775
"2020-10_south-west_stereo-BRUVs","IO295","Oplegnathidae","Oplegnathus","woodwardi",402.56681,67.5,382.5,450,"too big",20.06681,89.4592911111111
"2020-10_south-west_stereo-BRUVs","IO295","Oplegnathidae","Oplegnathus","woodwardi",408.3818,67.5,382.5,450,"too big",25.8818,90.7515111111111
"2020-10_south-west_stereo-BRUVs","IO330","Labridae","Suezichthys","bifurcatus",113.07943,13.5,76.5,90,"too big",36.57943,125.643811111111
"2020-10_south-west_stereo-BRUVs","IO330","Labridae","Suezichthys","bifurcatus",79.02566,13.5,76.5,90,"too big",2.52566,87.8062888888889
"2020-10_south-west_stereo-BRUVs","IO110","Scyliorhinidae","Asymbolus","occiduus",514.50356,90.15,510.85,601,"too big",3.65356000000003,85.6079134775374
"2020-10_south-west_stereo-BRUVs","IO245","Labridae","Pseudolabrus","biserialis",146.24806,25.8,146.2,172,"too big",0.0480600000000209,85.0279418604651
"2020-10_south-west_stereo-BRUVs","IO258","Pomacentridae","Chromis","klunzingeri",64.17418,9.75,55.25,65,"too big",8.92418000000001,98.7295076923077
"2020-10_south-west_stereo-BRUVs","IO258","Pomacentridae","Chromis","klunzingeri",75.27193,9.75,55.25,65,"too big",20.02193,115.802969230769
"2020-10_south-west_stereo-BRUVs","IO258","Pomacentridae","Chromis","klunzingeri",56.66826,9.75,55.25,65,"too big",1.41826,87.1819384615385
"2020-10_south-west_stereo-BRUVs","IO258","Pomacentridae","Chromis","klunzingeri",70.28873,9.75,55.25,65,"too big",15.03873,108.136507692308
"2020-10_south-west_stereo-BRUVs","IO258","Pomacentridae","Chromis","klunzingeri",67.06791,9.75,55.25,65,"too big",11.81791,103.1814
"2020-10_south-west_stereo-BRUVs","IO258","Pomacentridae","Chromis","klunzingeri",58.15239,9.75,55.25,65,"too big",2.90239,89.4652153846154
"2020-10_south-west_stereo-BRUVs","IO258","Pomacentridae","Chromis","klunzingeri",62.98032,9.75,55.25,65,"too big",7.73032,96.8928
"2020-10_south-west_stereo-BRUVs","IO258","Pomacentridae","Chromis","klunzingeri",59.99623,9.75,55.25,65,"too big",4.74623,92.3018923076923
"2020-10_south-west_stereo-BRUVs","IO258","Pomacentridae","Chromis","klunzingeri",70.26823,9.75,55.25,65,"too big",15.01823,108.104969230769
"2020-10_south-west_stereo-BRUVs","IO258","Pomacentridae","Chromis","klunzingeri",66.44504,9.75,55.25,65,"too big",11.19504,102.223138461538
"2020-10_south-west_stereo-BRUVs","IO258","Pomacentridae","Chromis","klunzingeri",57.49993,9.75,55.25,65,"too big",2.24993,88.4614307692308
"2020-10_south-west_stereo-BRUVs","IO258","Pomacentridae","Chromis","klunzingeri",65.05466,9.75,55.25,65,"too big",9.80466,100.084092307692
"2020-10_south-west_stereo-BRUVs","IO258","Pomacentridae","Chromis","klunzingeri",60.72083,9.75,55.25,65,"too big",5.47083,93.4166615384615
"2020-10_south-west_stereo-BRUVs","IO258","Pomacentridae","Chromis","klunzingeri",71.68374,9.75,55.25,65,"too big",16.43374,110.282676923077
"2020-10_south-west_stereo-BRUVs","IO258","Pomacentridae","Chromis","klunzingeri",67.18715,9.75,55.25,65,"too big",11.93715,103.364846153846
"2020-10_south-west_stereo-BRUVs","IO258","Pomacentridae","Chromis","klunzingeri",59.7448,9.75,55.25,65,"too big",4.4948,91.9150769230769
"2020-10_south-west_stereo-BRUVs","IO258","Pomacentridae","Chromis","klunzingeri",81.47224,9.75,55.25,65,"too big",26.22224,125.341907692308
"2020-10_south-west_stereo-BRUVs","IO258","Pomacentridae","Chromis","klunzingeri",64.87854,9.75,55.25,65,"too big",9.62854,99.8131384615385
"2020-10_south-west_stereo-BRUVs","IO258","Pomacentridae","Chromis","klunzingeri",74.13652,9.75,55.25,65,"too big",18.88652,114.056184615385
"2020-10_south-west_stereo-BRUVs","IO258","Pomacentridae","Chromis","klunzingeri",61.27722,9.75,55.25,65,"too big",6.02722,94.2726461538462
"2020-10_south-west_stereo-BRUVs","IO258","Pomacentridae","Chromis","klunzingeri",61.65837,9.75,55.25,65,"too big",6.40837,94.8590307692308
"2020-10_south-west_stereo-BRUVs","IO258","Pomacentridae","Chromis","klunzingeri",67.08962,9.75,55.25,65,"too big",11.83962,103.2148
"2020-10_south-west_stereo-BRUVs","IO258","Pomacentridae","Chromis","klunzingeri",80.0485,9.75,55.25,65,"too big",24.7985,123.151538461538
"2020-10_south-west_stereo-BRUVs","IO355","Labridae","Eupetrichthys","angustipes",105.43366,18.6,105.4,124,"too big",0.0336600000000118,85.0271451612903
"2020-10_south-west_stereo-BRUVs","IO355","Pinguipedidae","Parapercis","haackei",98.90451,15,85,100,"too big",13.90451,98.90451
"2020-10_south-west_stereo-BRUVs","IO355","Labridae","Pseudolabrus","biserialis",160.15621,25.8,146.2,172,"too big",13.95621,93.1140755813953
"2020-10_south-west_stereo-BRUVs","IO180","Oplegnathidae","Oplegnathus","woodwardi",416.05194,67.5,382.5,450,"too big",33.55194,92.4559866666667
"2020-10_south-west_stereo-BRUVs","IO253","Pinguipedidae","Parapercis","haackei",115.9999,15,85,100,"too big",30.9999,115.9999
"2020-10_south-west_stereo-BRUVs","IO378","Scyliorhinidae","Asymbolus","occiduus",514.27544,90.15,510.85,601,"too big",3.42544000000004,85.5699567387687
"2020-10_south-west_stereo-BRUVs","IO264","Labridae","Eupetrichthys","angustipes",108.35195,18.6,105.4,124,"too big",2.95195000000001,87.3806048387097
"2020-10_south-west_stereo-BRUVs","IO264","Odacidae","Siphonognathus","caninis",85.37418,15,85,100,"too big",0.374179999999996,85.37418
"2020-10_south-west_stereo-BRUVs","IO264","Odacidae","Siphonognathus","caninis",86.74582,15,85,100,"too big",1.74581999999999,86.74582
"2020-10_south-west_stereo-BRUVs","IOC05","Labridae","Coris","auricularis",455.91661,60,340,400,"too big",115.91661,113.9791525
"2020-10_south-west_stereo-BRUVs","IOC05","Oplegnathidae","Oplegnathus","woodwardi",434.57889,67.5,382.5,450,"too big",52.07889,96.5730866666667
"2020-10_south-west_stereo-BRUVs","FH11","Scorpididae","Neatypus","obliquus",205.9881,33,187,220,"too big",18.9881,93.6309545454545
"2020-10_south-west_stereo-BRUVs","FH11","Pomacentridae","Chromis","klunzingeri",74.61731,9.75,55.25,65,"too big",19.36731,114.795861538462
"2020-10_south-west_stereo-BRUVs","FH11","Pomacentridae","Chromis","klunzingeri",73.77931,9.75,55.25,65,"too big",18.52931,113.506630769231
"2020-10_south-west_stereo-BRUVs","IO269","Oplegnathidae","Oplegnathus","woodwardi",408.14248,67.5,382.5,450,"too big",25.64248,90.6983288888889
"2020-10_south-west_stereo-BRUVs","IO269","Labridae","Coris","auricularis",355.92121,60,340,400,"too big",15.92121,88.9803025
"2020-10_south-west_stereo-BRUVs","IO261","Labridae","Pseudolabrus","biserialis",166.00694,25.8,146.2,172,"too big",19.80694,96.5156627906977
"2020-10_south-west_stereo-BRUVs","IO261","Pomacentridae","Chromis","klunzingeri",66.90304,9.75,55.25,65,"too big",11.65304,102.927753846154
"2020-10_south-west_stereo-BRUVs","IO261","Pomacentridae","Chromis","klunzingeri",70.44307,9.75,55.25,65,"too big",15.19307,108.373953846154
"2020-10_south-west_stereo-BRUVs","IO261","Labridae","Eupetrichthys","angustipes",116.82574,18.6,105.4,124,"too big",11.42574,94.2143064516129
"2020-10_south-west_stereo-BRUVs","IO261","Labridae","Eupetrichthys","angustipes",121.01223,18.6,105.4,124,"too big",15.61223,97.5905080645161
"2020-10_south-west_stereo-BRUVs","IO261","Scorpididae","Neatypus","obliquus",188.86923,33,187,220,"too big",1.86922999999999,85.84965
"2020-10_south-west_stereo-BRUVs","IO1","Oplegnathidae","Oplegnathus","woodwardi",405.67891,67.5,382.5,450,"too big",23.17891,90.1508688888889
"2020-10_south-west_stereo-BRUVs","IO1","Labridae","Suezichthys","bifurcatus",133.48128,13.5,76.5,90,"too big",56.98128,148.312533333333
"2020-10_south-west_stereo-BRUVs","IO278","Oplegnathidae","Oplegnathus","woodwardi",390.79027,67.5,382.5,450,"too big",8.29027000000002,86.8422822222222
"2020-10_south-west_stereo-BRUVs","IO3","Labridae","Suezichthys","bifurcatus",122.46295,13.5,76.5,90,"too big",45.96295,136.069944444444
"2020-10_south-west_stereo-BRUVs","IO3","Labridae","Suezichthys","bifurcatus",116.9248,13.5,76.5,90,"too big",40.4248,129.916444444444
"2020-10_south-west_stereo-BRUVs","IO3","Labridae","Suezichthys","bifurcatus",84.9605,13.5,76.5,90,"too big",8.4605,94.4005555555556
"2020-10_south-west_stereo-BRUVs","IO3","Labridae","Coris","auricularis",385.02767,60,340,400,"too big",45.02767,96.2569175
"2020-10_south-west_stereo-BRUVs","IO4","Oplegnathidae","Oplegnathus","woodwardi",399.4263,67.5,382.5,450,"too big",16.9263,88.7614
"2020-10_south-west_stereo-BRUVs","IO4","Labridae","Coris","auricularis",368.88574,60,340,400,"too big",28.88574,92.221435
"2020-10_south-west_stereo-BRUVs","FH12","Labridae","Eupetrichthys","angustipes",120.88049,18.6,105.4,124,"too big",15.48049,97.4842661290322
"2020-10_south-west_stereo-BRUVs","IO123","Labridae","Austrolabrus","maculatus",107.18318,18.825,106.675,125.5,"too big",0.508179999999996,85.4049243027888
"2020-10_south-west_stereo-BRUVs","IO123","Scorpididae","Neatypus","obliquus",187.31923,33,187,220,"too big",0.319230000000005,85.1451045454546
"2020-10_south-west_stereo-BRUVs","IO123","Labridae","Coris","auricularis",346.75221,60,340,400,"too big",6.75220999999999,86.6880525
"2020-10_south-west_stereo-BRUVs","IO123","Labridae","Pseudolabrus","biserialis",158.48612,25.8,146.2,172,"too big",12.28612,92.1430930232558
"2020-10_south-west_stereo-BRUVs","IO125","Scorpididae","Neatypus","obliquus",200.20407,33,187,220,"too big",13.20407,91.00185
"2020-10_south-west_stereo-BRUVs","IO125","Labridae","Pseudolabrus","biserialis",155.22145,25.8,146.2,172,"too big",9.02145000000002,90.2450290697674
"2020-10_south-west_stereo-BRUVs","IO125","Labridae","Austrolabrus","maculatus",119.51594,18.825,106.675,125.5,"too big",12.84094,95.2318247011952
"2020-10_south-west_stereo-BRUVs","IO201","Scorpididae","Tilodon","sexfasciatus",369.32988,60,340,400,"too big",29.32988,92.33247
"2020-10_south-west_stereo-BRUVs","IO201","Labridae","Coris","auricularis",430.5688,60,340,400,"too big",90.5688,107.6422
"2020-10_south-west_stereo-BRUVs","FHE","Paralichthyidae","Pseudorhombus","jenynsii",378.66394,51,289,340,"too big",89.66394,111.371747058824
"2020-10_south-west_stereo-BRUVs","FHE","Dasyatidae","Bathytoshia","brevicaudata",341.03329,645,3655,4300,"too small",303.96671,7.93100674418605
"2020-10_south-west_stereo-BRUVs","FH6","Labridae","Eupetrichthys","angustipes",125.60633,18.6,105.4,124,"too big",20.20633,101.295427419355
"2020-10_south-west_stereo-BRUVs","FH6","Scyliorhinidae","Aulohalaelurus","labiosus",642.25797,100.5,569.5,670,"too big",72.75797,95.8593985074627
"2020-10_south-west_stereo-BRUVs","FH18","Labridae","Eupetrichthys","angustipes",119.56598,18.6,105.4,124,"too big",14.16598,96.4241774193548
"2020-10_south-west_stereo-BRUVs","FH18","Pomacentridae","Chromis","klunzingeri",68.95701,9.75,55.25,65,"too big",13.70701,106.087707692308
"2020-10_south-west_stereo-BRUVs","IO204","Labridae","Suezichthys","bifurcatus",122.95198,13.5,76.5,90,"too big",46.45198,136.613311111111
"2020-10_south-west_stereo-BRUVs","IO204","Labridae","Suezichthys","bifurcatus",98.10527,13.5,76.5,90,"too big",21.60527,109.005855555556
"2020-10_south-west_stereo-BRUVs","IO204","Labridae","Suezichthys","bifurcatus",92.52128,13.5,76.5,90,"too big",16.02128,102.801422222222
"2020-10_south-west_stereo-BRUVs","IO204","Labridae","Suezichthys","bifurcatus",111.15506,13.5,76.5,90,"too big",34.65506,123.505622222222
"2020-10_south-west_stereo-BRUVs","IO204","Oplegnathidae","Oplegnathus","woodwardi",391.36966,67.5,382.5,450,"too big",8.86966000000001,86.9710355555556
"2020-10_south-west_stereo-BRUVs","IO207","Scorpididae","Neatypus","obliquus",207.52819,33,187,220,"too big",20.52819,94.3309954545455
"2020-10_south-west_stereo-BRUVs","IO207","Labridae","Eupetrichthys","angustipes",106.75734,18.6,105.4,124,"too big",1.35734000000001,86.0946290322581
"2020-10_south-west_stereo-BRUVs","FH55","Pomacentridae","Chromis","klunzingeri",62.37623,9.75,55.25,65,"too big",7.12623,95.9634307692308
"2020-10_south-west_stereo-BRUVs","FH55","Labridae","Austrolabrus","maculatus",121.42782,18.825,106.675,125.5,"too big",14.75282,96.755235059761
"2020-10_south-west_stereo-BRUVs","FH55","Scorpididae","Neatypus","obliquus",200.11232,33,187,220,"too big",13.11232,90.9601454545455
"2020-10_south-west_stereo-BRUVs","FH55","Scorpididae","Neatypus","obliquus",191.45873,33,187,220,"too big",4.45873,87.0266954545455
"2020-10_south-west_stereo-BRUVs","FH55","Scorpididae","Neatypus","obliquus",204.09708,33,187,220,"too big",17.09708,92.7714
"2020-10_south-west_stereo-BRUVs","FH55","Scorpididae","Neatypus","obliquus",196.88535,33,187,220,"too big",9.88534999999999,89.4933409090909
"2020-10_south-west_stereo-BRUVs","FH55","Scorpididae","Neatypus","obliquus",196.73426,33,187,220,"too big",9.73426000000001,89.4246636363636
"2020-10_south-west_stereo-BRUVs","FH55","Scorpididae","Neatypus","obliquus",222.72192,33,187,220,"too big",35.72192,101.237236363636
"2020-10_south-west_stereo-BRUVs","FH55","Scorpididae","Neatypus","obliquus",195.94467,33,187,220,"too big",8.94467,89.0657590909091
"2020-10_south-west_stereo-BRUVs","FH27","Monacanthidae","Meuschenia","galii",294.8324,51,289,340,"too big",5.83240000000001,86.7154117647059
"2020-10_south-west_stereo-BRUVs","FH27","Pomacentridae","Chromis","klunzingeri",58.82187,9.75,55.25,65,"too big",3.57187,90.4951846153846
"2020-10_south-west_stereo-BRUVs","FH27","Pomacentridae","Chromis","klunzingeri",65.37783,9.75,55.25,65,"too big",10.12783,100.581276923077
"2020-10_south-west_stereo-BRUVs","FH27","Pomacentridae","Chromis","klunzingeri",62.62224,9.75,55.25,65,"too big",7.37224,96.3419076923077
"2020-10_south-west_stereo-BRUVs","FH27","Pomacentridae","Chromis","klunzingeri",69.80215,9.75,55.25,65,"too big",14.55215,107.387923076923
"2020-10_south-west_stereo-BRUVs","FH27","Pomacentridae","Chromis","klunzingeri",62.11487,9.75,55.25,65,"too big",6.86487,95.5613384615385
"2020-10_south-west_stereo-BRUVs","FH27","Pomacentridae","Chromis","klunzingeri",70.24911,9.75,55.25,65,"too big",14.99911,108.075553846154
"2020-10_south-west_stereo-BRUVs","FH27","Scorpididae","Tilodon","sexfasciatus",374.83741,60,340,400,"too big",34.83741,93.7093525
"2020-10_south-west_stereo-BRUVs","FH27","Scorpididae","Neatypus","obliquus",222.13261,33,187,220,"too big",35.13261,100.969368181818
"2020-10_south-west_stereo-BRUVs","FH27","Scorpididae","Neatypus","obliquus",193.7891,33,187,220,"too big",6.78909999999999,88.0859545454545
"2020-10_south-west_stereo-BRUVs","FH27","Scorpididae","Neatypus","obliquus",201.08483,33,187,220,"too big",14.08483,91.4021954545454
"2020-10_south-west_stereo-BRUVs","FH27","Scorpididae","Neatypus","obliquus",240.94709,33,187,220,"too big",53.94709,109.521404545455
"2020-10_south-west_stereo-BRUVs","FH27","Odacidae","Siphonognathus","caninis",90.19021,15,85,100,"too big",5.19020999999999,90.19021
"2020-10_south-west_stereo-BRUVs","FH31","Labridae","Pseudolabrus","biserialis",149.67099,25.8,146.2,172,"too big",3.47099,87.0180174418605
"2020-10_south-west_stereo-BRUVs","FH31","Labridae","Pseudolabrus","biserialis",149.95637,25.8,146.2,172,"too big",3.75637,87.1839360465116
"2020-10_south-west_stereo-BRUVs","FH31","Chaetodontidae","Chelmonops","curiosus",257.69526,39,221,260,"too big",36.69526,99.1135615384616
"2020-10_south-west_stereo-BRUVs","FH31","Labridae","Bodianus","frenchii",421.96652,67.5,382.5,450,"too big",39.46652,93.7703377777778
"2020-10_south-west_stereo-BRUVs","FH31","Pomacentridae","Chromis","westaustralis",80.46,12.75,72.25,85,"too big",8.20999999999999,94.6588235294118
"2020-10_south-west_stereo-BRUVs","FH31","Labridae","Coris","auricularis",56.21885,60,340,400,"too small",3.78115,14.0547125
"2020-10_south-west_stereo-BRUVs","FH31","Labridae","Coris","auricularis",55.5599,60,340,400,"too small",4.4401,13.889975
"2020-10_south-west_stereo-BRUVs","FH31","Labridae","Coris","auricularis",54.29905,60,340,400,"too small",5.70095,13.5747625
"2020-10_south-west_stereo-BRUVs","FH31","Scorpididae","Neatypus","obliquus",205.73045,33,187,220,"too big",18.73045,93.5138409090909
"2020-10_south-west_stereo-BRUVs","FH31","Scorpididae","Neatypus","obliquus",203.08038,33,187,220,"too big",16.08038,92.3092636363636
"2020-10_south-west_stereo-BRUVs","FH31","Scorpididae","Neatypus","obliquus",191.4577,33,187,220,"too big",4.45769999999999,87.0262272727273
"2020-10_south-west_stereo-BRUVs","FH31","Scorpididae","Neatypus","obliquus",203.98718,33,187,220,"too big",16.98718,92.7214454545454
"2020-10_south-west_stereo-BRUVs","FH31","Scorpididae","Neatypus","obliquus",248.1941,33,187,220,"too big",61.1941,112.8155
"2020-10_south-west_stereo-BRUVs","IO338","Labridae","Suezichthys","bifurcatus",116.62307,13.5,76.5,90,"too big",40.12307,129.581188888889
"2020-10_south-west_stereo-BRUVs","IO338","Labridae","Pseudolabrus","biserialis",173.86103,25.8,146.2,172,"too big",27.66103,101.081994186047
"2020-10_south-west_stereo-BRUVs","IO338","Oplegnathidae","Oplegnathus","woodwardi",390.14613,67.5,382.5,450,"too big",7.64613000000003,86.69914
"2020-10_south-west_stereo-BRUVs","IO339","Pomacentridae","Parma","bicolor",140.14917,21,119,140,"too big",21.14917,100.10655
"2020-10_south-west_stereo-BRUVs","IO339","Labridae","Pseudolabrus","biserialis",173.21661,25.8,146.2,172,"too big",27.01661,100.707331395349
"2020-10_south-west_stereo-BRUVs","IO339","Labridae","Pseudolabrus","biserialis",162.8065,25.8,146.2,172,"too big",16.6065,94.6549418604651
"2020-10_south-west_stereo-BRUVs","IO339","Labridae","Pseudolabrus","biserialis",160.64453,25.8,146.2,172,"too big",14.44453,93.3979825581395
"2020-10_south-west_stereo-BRUVs","IO339","Labridae","Pseudolabrus","biserialis",156.26566,25.8,146.2,172,"too big",10.06566,90.8521279069767
"2020-10_south-west_stereo-BRUVs","IO339","Labridae","Pseudolabrus","biserialis",165.18614,25.8,146.2,172,"too big",18.98614,96.0384534883721
"2020-10_south-west_stereo-BRUVs","IO339","Labridae","Ophthalmolepis","lineolatus",51.05164,60,340,400,"too small",8.94836,12.76291
"2020-10_south-west_stereo-BRUVs","IO339","Labridae","Ophthalmolepis","lineolatus",59.111,60,340,400,"too small",0.889000000000003,14.77775
"2020-10_south-west_stereo-BRUVs","IO339","Pomacentridae","Parma","occidentalis",220.3592,19.5,110.5,130,"too big",109.8592,169.507076923077
"2020-10_south-west_stereo-BRUVs","IO224","Scorpididae","Tilodon","sexfasciatus",376.94258,60,340,400,"too big",36.94258,94.235645
"2020-10_south-west_stereo-BRUVs","IO224","Labridae","Austrolabrus","maculatus",115.53656,18.825,106.675,125.5,"too big",8.86156,92.0610039840637
"2020-10_south-west_stereo-BRUVs","IO224","Labridae","Eupetrichthys","angustipes",131.85522,18.6,105.4,124,"too big",26.45522,106.33485483871
"2020-10_south-west_stereo-BRUVs","IO225","Oplegnathidae","Oplegnathus","woodwardi",417.53544,67.5,382.5,450,"too big",35.03544,92.7856533333333
"2020-10_south-west_stereo-BRUVs","IO225","Oplegnathidae","Oplegnathus","woodwardi",395.2842,67.5,382.5,450,"too big",12.7842,87.8409333333333
"2020-10_south-west_stereo-BRUVs","IO312","Labridae","Suezichthys","bifurcatus",119.57055,13.5,76.5,90,"too big",43.07055,132.856166666667
"2020-10_south-west_stereo-BRUVs","IO312","Labridae","Eupetrichthys","angustipes",126.2936,18.6,105.4,124,"too big",20.8936,101.849677419355
"2020-10_south-west_stereo-BRUVs","IO325","Scorpididae","Neatypus","obliquus",187.50682,33,187,220,"too big",0.506820000000005,85.2303727272727
"2020-10_south-west_stereo-BRUVs","IO327","Labridae","Suezichthys","bifurcatus",132.40134,13.5,76.5,90,"too big",55.90134,147.1126
"2020-10_south-west_stereo-BRUVs","IO327","Labridae","Suezichthys","bifurcatus",98.02905,13.5,76.5,90,"too big",21.52905,108.921166666667
"2020-10_south-west_stereo-BRUVs","IO327","Labridae","Suezichthys","bifurcatus",77.16515,13.5,76.5,90,"too big",0.665149999999997,85.7390555555556
"2020-10_south-west_stereo-BRUVs","IO327","Labridae","Pseudolabrus","biserialis",153.0478,25.8,146.2,172,"too big",6.84780000000001,88.9812790697674
"2020-10_south-west_stereo-BRUVs","IO327","Scorpididae","Neatypus","obliquus",192.44157,33,187,220,"too big",5.44157000000001,87.4734409090909
"2020-10_south-west_stereo-BRUVs","IO327","Scorpididae","Neatypus","obliquus",207.89545,33,187,220,"too big",20.89545,94.4979318181818
"2020-10_south-west_stereo-BRUVs","IO327","Scorpididae","Neatypus","obliquus",195.09801,33,187,220,"too big",8.09800999999999,88.6809136363636
"2020-10_south-west_stereo-BRUVs","IO327","Monacanthidae","Meuschenia","galii",308.84233,51,289,340,"too big",19.84233,90.8359794117647
"2020-10_south-west_stereo-BRUVs","IO334","Labridae","Coris","auricularis",377.34352,60,340,400,"too big",37.34352,94.33588
"2020-10_south-west_stereo-BRUVs","IO335","Labridae","Pseudolabrus","biserialis",151.9714,25.8,146.2,172,"too big",5.7714,88.3554651162791
"2020-10_south-west_stereo-BRUVs","IO335","Pomacentridae","Parma","bicolor",140.37426,21,119,140,"too big",21.37426,100.267328571429
"2020-10_south-west_stereo-BRUVs","IO335","Pomacentridae","Chromis","klunzingeri",58.20476,9.75,55.25,65,"too big",2.95476,89.5457846153846
"2020-10_south-west_stereo-BRUVs","IO335","Pomacentridae","Chromis","klunzingeri",63.81811,9.75,55.25,65,"too big",8.56811,98.1817076923077
"2020-10_south-west_stereo-BRUVs","IO335","Pomacentridae","Chromis","klunzingeri",60.35969,9.75,55.25,65,"too big",5.10969,92.8610615384615
"2020-10_south-west_stereo-BRUVs","IO335","Pomacentridae","Chromis","klunzingeri",65.64111,9.75,55.25,65,"too big",10.39111,100.986323076923
"2020-10_south-west_stereo-BRUVs","IO335","Scorpididae","Neatypus","obliquus",191.65133,33,187,220,"too big",4.65133,87.1142409090909
"2020-10_south-west_stereo-BRUVs","IO323","Oplegnathidae","Oplegnathus","woodwardi",397.09371,67.5,382.5,450,"too big",14.59371,88.2430466666667
"2020-10_south-west_stereo-BRUVs","IO352","Callanthiidae","Callanthias","australis",71.40347,73.5,416.5,490,"too small",2.09653,14.5721367346939
"2020-10_south-west_stereo-BRUVs","IO352","Callanthiidae","Callanthias","australis",56.07871,73.5,416.5,490,"too small",17.42129,11.4446346938775
"2020-10_south-west_stereo-BRUVs","IO352","Callanthiidae","Callanthias","australis",71.27393,73.5,416.5,490,"too small",2.22607000000001,14.5457
"2020-10_south-west_stereo-BRUVs","IO352","Callanthiidae","Callanthias","australis",62.43457,73.5,416.5,490,"too small",11.06543,12.7417489795918
"2020-10_south-west_stereo-BRUVs","IO352","Callanthiidae","Callanthias","australis",73.33808,73.5,416.5,490,"too small",0.161919999999995,14.9669551020408
"2020-10_south-west_stereo-BRUVs","IO352","Labridae","Suezichthys","bifurcatus",132.16031,13.5,76.5,90,"too big",55.66031,146.844788888889
"2020-10_south-west_stereo-BRUVs","IO352","Labridae","Suezichthys","bifurcatus",87.12308,13.5,76.5,90,"too big",10.62308,96.8034222222222
"2020-10_south-west_stereo-BRUVs","IO352","Oplegnathidae","Oplegnathus","woodwardi",415.63426,67.5,382.5,450,"too big",33.13426,92.3631688888889
"2020-10_south-west_stereo-BRUVs","IO361","Labridae","Coris","auricularis",347.28883,60,340,400,"too big",7.28883000000002,86.8222075
"2020-10_south-west_stereo-BRUVs","IO361","Labridae","Suezichthys","bifurcatus",89.09793,13.5,76.5,90,"too big",12.59793,98.9977
"2020-10_south-west_stereo-BRUVs","IO361","Oplegnathidae","Oplegnathus","woodwardi",396.0157,67.5,382.5,450,"too big",13.5157,88.0034888888889
"2020-10_south-west_stereo-BRUVs","IO374","Labridae","Suezichthys","bifurcatus",93.61703,13.5,76.5,90,"too big",17.11703,104.018922222222
"2020-10_south-west_stereo-BRUVs","IO374","Labridae","Suezichthys","bifurcatus",113.02203,13.5,76.5,90,"too big",36.52203,125.580033333333
"2020-10_south-west_stereo-BRUVs","IO374","Oplegnathidae","Oplegnathus","woodwardi",430.58555,67.5,382.5,450,"too big",48.08555,95.6856777777778
"2020-10_south-west_stereo-BRUVs","IO374","Oplegnathidae","Oplegnathus","woodwardi",404.87026,67.5,382.5,450,"too big",22.37026,89.9711688888889
"2020-10_south-west_stereo-BRUVs","IO353","Tetraodontidae","Omegophora","armilla",267.22832,37.5,212.5,250,"too big",54.72832,106.891328
"2020-10_south-west_stereo-BRUVs","IO353","Oplegnathidae","Oplegnathus","woodwardi",418.56734,67.5,382.5,450,"too big",36.06734,93.0149644444444
"2020-10_south-west_stereo-BRUVs","IOCP11-1","Scorpididae","Neatypus","obliquus",195.11833,33,187,220,"too big",8.11832999999999,88.69015
"2020-10_south-west_stereo-BRUVs","IOCP11-1","Scorpididae","Neatypus","obliquus",187.42134,33,187,220,"too big",0.421339999999987,85.1915181818182
"2020-10_south-west_stereo-BRUVs","IOCP11-1","Oplegnathidae","Oplegnathus","woodwardi",441.65115,67.5,382.5,450,"too big",59.15115,98.1447
"2020-10_south-west_stereo-BRUVs","IO364","Oplegnathidae","Oplegnathus","woodwardi",400.86745,67.5,382.5,450,"too big",18.36745,89.0816555555556
"2020-10_south-west_stereo-BRUVs","FH72","Labridae","Coris","auricularis",47.56621,60,340,400,"too small",12.43379,11.8915525
"2020-10_south-west_stereo-BRUVs","FH72","Labridae","Pseudolabrus","biserialis",182.68993,25.8,146.2,172,"too big",36.48993,106.215075581395
"2020-10_south-west_stereo-BRUVs","FH72","Pomacentridae","Chromis","klunzingeri",68.4165,9.75,55.25,65,"too big",13.1665,105.256153846154
"2020-10_south-west_stereo-BRUVs","FH72","Pomacentridae","Chromis","klunzingeri",58.67124,9.75,55.25,65,"too big",3.42124,90.2634461538461
"2020-10_south-west_stereo-BRUVs","FH72","Pomacentridae","Chromis","klunzingeri",67.06698,9.75,55.25,65,"too big",11.81698,103.179969230769
"2020-10_south-west_stereo-BRUVs","FH72","Pomacentridae","Chromis","klunzingeri",68.73265,9.75,55.25,65,"too big",13.48265,105.742538461538
"2020-10_south-west_stereo-BRUVs","FH72","Pomacentridae","Chromis","klunzingeri",59.41571,9.75,55.25,65,"too big",4.16571,91.4087846153846
"2020-10_south-west_stereo-BRUVs","FH72","Pomacentridae","Chromis","klunzingeri",62.1088,9.75,55.25,65,"too big",6.8588,95.552
"2020-10_south-west_stereo-BRUVs","FH72","Pomacentridae","Chromis","klunzingeri",60.22887,9.75,55.25,65,"too big",4.97887,92.6598
"2020-10_south-west_stereo-BRUVs","FH72","Scorpididae","Neatypus","obliquus",187.89063,33,187,220,"too big",0.890629999999987,85.4048318181818
"2020-10_south-west_stereo-BRUVs","IO351","Callanthiidae","Callanthias","australis",70.72075,73.5,416.5,490,"too small",2.77925,14.432806122449
"2020-10_south-west_stereo-BRUVs","IO351","Scyliorhinidae","Asymbolus","occiduus",511.23804,90.15,510.85,601,"too big",0.388040000000046,85.0645657237937
"2020-10_south-west_stereo-BRUVs","IO369","Labridae","Suezichthys","bifurcatus",108.07316,13.5,76.5,90,"too big",31.57316,120.081288888889
"2020-10_south-west_stereo-BRUVs","IO369","Labridae","Suezichthys","bifurcatus",91.55758,13.5,76.5,90,"too big",15.05758,101.730644444444
"2020-10_south-west_stereo-BRUVs","IO369","Callanthiidae","Callanthias","australis",71.93615,73.5,416.5,490,"too small",1.56385,14.6808469387755
"2020-10_south-west_stereo-BRUVs","IO369","Callanthiidae","Callanthias","australis",70.8834,73.5,416.5,490,"too small",2.61660000000001,14.466
"2020-10_south-west_stereo-BRUVs","IO369","Callanthiidae","Callanthias","australis",71.85387,73.5,416.5,490,"too small",1.64613,14.6640551020408
"2020-10_south-west_stereo-BRUVs","IO369","Callanthiidae","Callanthias","australis",69.46659,73.5,416.5,490,"too small",4.03341,14.1768551020408
"2020-10_south-west_stereo-BRUVs","IO369","Callanthiidae","Callanthias","australis",71.4337,73.5,416.5,490,"too small",2.0663,14.578306122449
"2020-10_south-west_stereo-BRUVs","IO369","Callanthiidae","Callanthias","australis",73.42076,73.5,416.5,490,"too small",0.0792399999999986,14.9838285714286
"2020-10_south-west_stereo-BRUVs","IO369","Callanthiidae","Callanthias","australis",66.831,73.5,416.5,490,"too small",6.669,13.6389795918367
"2020-10_south-west_stereo-BRUVs","IO262","Oplegnathidae","Oplegnathus","woodwardi",413.14196,67.5,382.5,450,"too big",30.64196,91.8093244444444
"2020-10_south-west_stereo-BRUVs","IO262","Labridae","Coris","auricularis",372.27959,60,340,400,"too big",32.27959,93.0698975
"2020-10_south-west_stereo-BRUVs","IO80","Labridae","Pseudolabrus","biserialis",150.16074,25.8,146.2,172,"too big",3.96074000000002,87.3027558139535
"2020-10_south-west_stereo-BRUVs","IO343","Labridae","Bodianus","vulpinus",415.31506,65.25,369.75,435,"too big",45.56506,95.4747264367816
"2020-10_south-west_stereo-BRUVs","IO266","Scorpididae","Tilodon","sexfasciatus",351.37811,60,340,400,"too big",11.37811,87.8445275
"2020-10_south-west_stereo-BRUVs","IO266","Monacanthidae","Acanthaluteres","brownii",475.28212,82.5,467.5,550,"too big",7.78212000000002,86.4149309090909
"2020-10_south-west_stereo-BRUVs","IO266","Labridae","Suezichthys","bifurcatus",118.86349,13.5,76.5,90,"too big",42.36349,132.070544444444
"2020-10_south-west_stereo-BRUVs","IO91","Labridae","Austrolabrus","maculatus",111.73496,18.825,106.675,125.5,"too big",5.05996,89.0318406374502
"2020-10_south-west_stereo-BRUVs","IO91","Pomacentridae","Chromis","klunzingeri",56.26556,9.75,55.25,65,"too big",1.01556,86.5624
"2020-10_south-west_stereo-BRUVs","IO155","Pomacentridae","Chromis","klunzingeri",60.58332,9.75,55.25,65,"too big",5.33332,93.2051076923077
"2020-10_south-west_stereo-BRUVs","IO155","Pomacentridae","Chromis","klunzingeri",65.7973,9.75,55.25,65,"too big",10.5473,101.226615384615
"2020-10_south-west_stereo-BRUVs","IO155","Labridae","Austrolabrus","maculatus",112.04715,18.825,106.675,125.5,"too big",5.37215,89.2805976095618
"2020-10_south-west_stereo-BRUVs","IO155","Labridae","Eupetrichthys","angustipes",105.743,18.6,105.4,124,"too big",0.343000000000004,85.2766129032258
"2020-10_south-west_stereo-BRUVs","IO165","Labridae","Austrolabrus","maculatus",107.12265,18.825,106.675,125.5,"too big",0.447649999999996,85.3566932270916
"2020-10_south-west_stereo-BRUVs","IO165","Labridae","Austrolabrus","maculatus",115.13883,18.825,106.675,125.5,"too big",8.46383,91.7440876494024
"2020-10_south-west_stereo-BRUVs","IO165","Labridae","Coris","auricularis",365.15729,60,340,400,"too big",25.15729,91.2893225
"2020-10_south-west_stereo-BRUVs","IO165","Scorpididae","Tilodon","sexfasciatus",362.35896,60,340,400,"too big",22.35896,90.58974
"2020-10_south-west_stereo-BRUVs","FH87","Labridae","Coris","auricularis",372.00152,60,340,400,"too big",32.00152,93.00038
"2020-10_south-west_stereo-BRUVs","FH87","Labridae","Eupetrichthys","angustipes",120.73169,18.6,105.4,124,"too big",15.33169,97.3642661290323
"2020-10_south-west_stereo-BRUVs","IO184","Labridae","Austrolabrus","maculatus",130.80295,18.825,106.675,125.5,"too big",24.12795,104.225458167331
"2020-10_south-west_stereo-BRUVs","IO184","Oplegnathidae","Oplegnathus","woodwardi",398.13851,67.5,382.5,450,"too big",15.63851,88.4752244444445
"2020-10_south-west_stereo-BRUVs","IO184","Scorpididae","Neatypus","obliquus",188.72494,33,187,220,"too big",1.72494,85.7840636363636
"2020-10_south-west_stereo-BRUVs","IO184","Scorpididae","Neatypus","obliquus",209.94876,33,187,220,"too big",22.94876,95.4312545454545
"2020-10_south-west_stereo-BRUVs","IO184","Scorpididae","Neatypus","obliquus",223.73032,33,187,220,"too big",36.73032,101.6956
"2020-10_south-west_stereo-BRUVs","IO184","Scorpididae","Neatypus","obliquus",198.08742,33,187,220,"too big",11.08742,90.0397363636364
"2020-10_south-west_stereo-BRUVs","FH94","Labridae","Pseudolabrus","biserialis",172.25404,25.8,146.2,172,"too big",26.05404,100.147697674419
"2020-10_south-west_stereo-BRUVs","FH94","Scorpididae","Neatypus","obliquus",187.41091,33,187,220,"too big",0.410910000000001,85.1867772727273
"2020-10_south-west_stereo-BRUVs","FH94","Labridae","Austrolabrus","maculatus",120.16178,18.825,106.675,125.5,"too big",13.48678,95.746438247012
"2020-10_south-west_stereo-BRUVs","IO210","Labridae","Pseudolabrus","biserialis",1145.08991,25.8,146.2,172,"too big",998.88991,665.749947674419
"2020-10_south-west_stereo-BRUVs","IO210","Scorpididae","Neatypus","obliquus",198.20949,33,187,220,"too big",11.20949,90.0952227272727
"2020-10_south-west_stereo-BRUVs","IO210","Scorpididae","Neatypus","obliquus",189.74625,33,187,220,"too big",2.74625,86.2482954545455
"2020-10_south-west_stereo-BRUVs","IO210","Labridae","Eupetrichthys","angustipes",129.49632,18.6,105.4,124,"too big",24.09632,104.432516129032
"2020-10_south-west_stereo-BRUVs","IO210","Labridae","Coris","auricularis",344.72544,60,340,400,"too big",4.72543999999999,86.18136
"2020-10_south-west_stereo-BRUVs","FH8","Labridae","Pseudolabrus","biserialis",168.78191,25.8,146.2,172,"too big",22.58191,98.1290174418605
"2020-10_south-west_stereo-BRUVs","FH8","Pomacentridae","Chromis","klunzingeri",62.90244,9.75,55.25,65,"too big",7.65244,96.7729846153846
"2020-10_south-west_stereo-BRUVs","FH8","Pomacentridae","Chromis","klunzingeri",61.90293,9.75,55.25,65,"too big",6.65293,95.2352769230769
"2020-10_south-west_stereo-BRUVs","FH8","Pomacentridae","Chromis","klunzingeri",67.86969,9.75,55.25,65,"too big",12.61969,104.414907692308
"2020-10_south-west_stereo-BRUVs","FH8","Pomacentridae","Chromis","klunzingeri",64.78941,9.75,55.25,65,"too big",9.53941,99.6760153846154
"2020-10_south-west_stereo-BRUVs","FH8","Scorpididae","Neatypus","obliquus",193.57563,33,187,220,"too big",6.57562999999999,87.9889227272727
"2020-10_south-west_stereo-BRUVs","FH8","Scorpididae","Neatypus","obliquus",194.40915,33,187,220,"too big",7.40915000000001,88.3677954545455
"2020-10_south-west_stereo-BRUVs","FH8","Scorpididae","Neatypus","obliquus",187.75821,33,187,220,"too big",0.758209999999991,85.3446409090909
"2020-10_south-west_stereo-BRUVs","FH8","Scorpididae","Neatypus","obliquus",188.96827,33,187,220,"too big",1.96826999999999,85.8946681818182
"2020-10_south-west_stereo-BRUVs","FH8","Scorpididae","Neatypus","obliquus",189.05985,33,187,220,"too big",2.05985000000001,85.9362954545455
"2020-10_south-west_stereo-BRUVs","IO215","Labridae","Coris","auricularis",360.01027,60,340,400,"too big",20.01027,90.0025675
"2020-10_south-west_stereo-BRUVs","IO218","Oplegnathidae","Oplegnathus","woodwardi",430.98877,67.5,382.5,450,"too big",48.48877,95.7752822222222
"2020-10_south-west_stereo-BRUVs","IO237","Rhinobatidae","Aptychotrema","vincentiana",836.85973,118.5,671.5,790,"too big",165.35973,105.931611392405
"2020-10_south-west_stereo-BRUVs","IO237","Oplegnathidae","Oplegnathus","woodwardi",385.16388,67.5,382.5,450,"too big",2.66388000000001,85.5919733333333
"2020-10_south-west_stereo-BRUVs","FH15","Labridae","Eupetrichthys","angustipes",105.7899,18.6,105.4,124,"too big",0.389900000000011,85.314435483871
"2020-10_south-west_stereo-BRUVs","FH15","Labridae","Suezichthys","bifurcatus",157.0831,13.5,76.5,90,"too big",80.5831,174.536777777778
"2020-10_south-west_stereo-BRUVs","FH15","Labridae","Suezichthys","bifurcatus",113.98138,13.5,76.5,90,"too big",37.48138,126.645977777778
"2020-10_south-west_stereo-BRUVs","FH15","Labridae","Suezichthys","bifurcatus",126.838,13.5,76.5,90,"too big",50.338,140.931111111111
"2020-10_south-west_stereo-BRUVs","FH17","Triakidae","Furgaleus","macki",2074.88841,240,1360,1600,"too big",714.88841,129.680525625
"2020-10_south-west_stereo-BRUVs","FH17","Pomacentridae","Chromis","klunzingeri",59.22342,9.75,55.25,65,"too big",3.97342,91.1129538461538
"2020-10_south-west_stereo-BRUVs","FH17","Pomacentridae","Chromis","klunzingeri",65.64932,9.75,55.25,65,"too big",10.39932,100.998953846154
"2020-10_south-west_stereo-BRUVs","FH17","Scorpididae","Neatypus","obliquus",197.04323,33,187,220,"too big",10.04323,89.5651045454545
"2020-10_south-west_stereo-BRUVs","IO331","Tetraodontidae","Omegophora","armilla",280.96668,37.5,212.5,250,"too big",68.46668,112.386672
"2020-10_south-west_stereo-BRUVs","IO331","Oplegnathidae","Oplegnathus","woodwardi",422.74099,67.5,382.5,450,"too big",40.24099,93.9424422222222
"2020-10_south-west_stereo-BRUVs","FH21","Labridae","Pseudolabrus","biserialis",165.24441,25.8,146.2,172,"too big",19.04441,96.0723313953488
"2020-10_south-west_stereo-BRUVs","FH21","Labridae","Pseudolabrus","biserialis",156.44725,25.8,146.2,172,"too big",10.24725,90.9577034883721
"2020-10_south-west_stereo-BRUVs","FH21","Pomacentridae","Chromis","klunzingeri",66.20012,9.75,55.25,65,"too big",10.95012,101.846338461538
"2020-10_south-west_stereo-BRUVs","FH21","Pomacentridae","Chromis","klunzingeri",67.46945,9.75,55.25,65,"too big",12.21945,103.799153846154
"2020-10_south-west_stereo-BRUVs","FH21","Pomacentridae","Chromis","klunzingeri",74.54489,9.75,55.25,65,"too big",19.29489,114.684446153846
"2020-10_south-west_stereo-BRUVs","FH21","Pomacentridae","Chromis","klunzingeri",57.85779,9.75,55.25,65,"too big",2.60779,89.0119846153846
"2020-10_south-west_stereo-BRUVs","FH21","Pomacentridae","Chromis","klunzingeri",58.73592,9.75,55.25,65,"too big",3.48592,90.3629538461538
"2020-10_south-west_stereo-BRUVs","FH21","Pomacentridae","Chromis","klunzingeri",70.71528,9.75,55.25,65,"too big",15.46528,108.792738461538
"2020-10_south-west_stereo-BRUVs","FH21","Pomacentridae","Chromis","klunzingeri",72.43387,9.75,55.25,65,"too big",17.18387,111.436723076923
"2020-10_south-west_stereo-BRUVs","FH21","Pomacentridae","Chromis","klunzingeri",57.79115,9.75,55.25,65,"too big",2.54115,88.9094615384615
"2020-10_south-west_stereo-BRUVs","FH21","Pomacentridae","Chromis","klunzingeri",72.47849,9.75,55.25,65,"too big",17.22849,111.505369230769
"2020-10_south-west_stereo-BRUVs","FH21","Pomacentridae","Chromis","klunzingeri",60.67549,9.75,55.25,65,"too big",5.42549,93.3469076923077
"2020-10_south-west_stereo-BRUVs","FH21","Pomacentridae","Chromis","klunzingeri",63.34535,9.75,55.25,65,"too big",8.09535,97.4543846153846
"2020-10_south-west_stereo-BRUVs","FH21","Pomacentridae","Chromis","klunzingeri",56.0574,9.75,55.25,65,"too big",0.807400000000001,86.2421538461538
"2020-10_south-west_stereo-BRUVs","IO357","Pomacentridae","Chromis","klunzingeri",71.97934,9.75,55.25,65,"too big",16.72934,110.737446153846
"2020-10_south-west_stereo-BRUVs","IO357","Pomacentridae","Chromis","klunzingeri",75.32173,9.75,55.25,65,"too big",20.07173,115.879584615385
"2020-10_south-west_stereo-BRUVs","IO357","Labridae","Pseudolabrus","biserialis",175.66415,25.8,146.2,172,"too big",29.46415,102.130319767442
"2020-10_south-west_stereo-BRUVs","IO357","Labridae","Pseudolabrus","biserialis",159.29395,25.8,146.2,172,"too big",13.09395,92.612761627907
"2020-10_south-west_stereo-BRUVs","IO357","Labridae","Pseudolabrus","biserialis",150.42502,25.8,146.2,172,"too big",4.22502,87.4564069767442
"2020-10_south-west_stereo-BRUVs","IO357","Scorpididae","Scorpis","aequipinnis",396.59165,60,340,400,"too big",56.59165,99.1479125
"2020-10_south-west_stereo-BRUVs","IO357","Scorpididae","Scorpis","georgiana",306.01929,49.5,280.5,330,"too big",25.51929,92.7331181818182
"2020-10_south-west_stereo-BRUVs","IO357","Scorpididae","Neatypus","obliquus",204.05188,33,187,220,"too big",17.05188,92.7508545454546
"2020-10_south-west_stereo-BRUVs","IO357","Scorpididae","Neatypus","obliquus",197.67849,33,187,220,"too big",10.67849,89.8538590909091
"2020-10_south-west_stereo-BRUVs","IO357","Scorpididae","Neatypus","obliquus",190.9955,33,187,220,"too big",3.99549999999999,86.8161363636364
"2020-10_south-west_stereo-BRUVs","IO357","Scorpididae","Neatypus","obliquus",204.46638,33,187,220,"too big",17.46638,92.9392636363636
"2020-10_south-west_stereo-BRUVs","IO158","Labridae","Suezichthys","bifurcatus",77.78382,13.5,76.5,90,"too big",1.28382000000001,86.4264666666667
"2020-10_south-west_stereo-BRUVs","IO158","Labridae","Suezichthys","bifurcatus",90.87673,13.5,76.5,90,"too big",14.37673,100.974144444444
"2020-10_south-west_stereo-BRUVs","IO158","Labridae","Suezichthys","bifurcatus",140.43558,13.5,76.5,90,"too big",63.93558,156.039533333333
"2020-10_south-west_stereo-BRUVs","IO49","Oplegnathidae","Oplegnathus","woodwardi",400.87072,67.5,382.5,450,"too big",18.37072,89.0823822222222
"2020-10_south-west_stereo-BRUVs","IO152","Labridae","Pseudolabrus","biserialis",171.02521,25.8,146.2,172,"too big",24.82521,99.433261627907
"2020-10_south-west_stereo-BRUVs","IO132","Labridae","Austrolabrus","maculatus",112.78688,18.825,106.675,125.5,"too big",6.11188,89.8700239043825
"2020-10_south-west_stereo-BRUVs","IO132","Labridae","Pseudolabrus","biserialis",170.36318,25.8,146.2,172,"too big",24.16318,99.0483604651163
"2020-10_south-west_stereo-BRUVs","IO132","Labridae","Ophthalmolepis","lineolatus",54.12266,60,340,400,"too small",5.87734,13.530665
"2020-10_south-west_stereo-BRUVs","IO132","Pomacentridae","Chromis","klunzingeri",61.42452,9.75,55.25,65,"too big",6.17452,94.4992615384615
"2020-10_south-west_stereo-BRUVs","IO132","Pomacentridae","Chromis","klunzingeri",58.83263,9.75,55.25,65,"too big",3.58263,90.5117384615385
"2020-10_south-west_stereo-BRUVs","IO132","Serranidae","Epinephelides","armatus",511.21385,84,476,560,"too big",35.21385,91.2881875
"2020-10_south-west_stereo-BRUVs","IO132","Oplegnathidae","Oplegnathus","woodwardi",398.91005,67.5,382.5,450,"too big",16.41005,88.6466777777778
"2020-10_south-west_stereo-BRUVs","FH84","Labridae","Coris","auricularis",349.79678,60,340,400,"too big",9.79678000000001,87.449195
"2020-10_south-west_stereo-BRUVs","FH84","Labridae","Pseudolabrus","biserialis",158.57612,25.8,146.2,172,"too big",12.37612,92.1954186046512
"2020-10_south-west_stereo-BRUVs","FH84","Labridae","Ophthalmolepis","lineolatus",353.40352,60,340,400,"too big",13.40352,88.35088
"2020-10_south-west_stereo-BRUVs","FH92","Scorpididae","Scorpis","georgiana",333.85451,49.5,280.5,330,"too big",53.35451,101.168033333333
"2020-10_south-west_stereo-BRUVs","FH92","Labridae","Pseudolabrus","biserialis",166.86767,25.8,146.2,172,"too big",20.66767,97.0160872093023
"2020-10_south-west_stereo-BRUVs","FH92","Scorpididae","Neatypus","obliquus",189.89831,33,187,220,"too big",2.89831000000001,86.3174136363636
"2020-10_south-west_stereo-BRUVs","FH92","Monacanthidae","Scobinichthys","granulatus",262.44084,45,255,300,"too big",7.44083999999998,87.48028
"2020-10_south-west_stereo-BRUVs","IO117","Oplegnathidae","Oplegnathus","woodwardi",384.2887,67.5,382.5,450,"too big",1.78870000000001,85.3974888888889
"2020-10_south-west_stereo-BRUVs","IO194","Callanthiidae","Callanthias","australis",66.77745,73.5,416.5,490,"too small",6.72255,13.6280510204082
"2020-10_south-west_stereo-BRUVs","IO194","Labridae","Suezichthys","bifurcatus",131.70516,13.5,76.5,90,"too big",55.20516,146.339066666667
"2020-10_south-west_stereo-BRUVs","FH110","Labridae","Pseudolabrus","biserialis",147.79785,25.8,146.2,172,"too big",1.59785000000002,85.9289825581395
"2020-10_south-west_stereo-BRUVs","FH110","Labridae","Coris","auricularis",350.9435,60,340,400,"too big",10.9435,87.735875
"2020-10_south-west_stereo-BRUVs","FHC02","Pomacentridae","Chromis","klunzingeri",69.20442,9.75,55.25,65,"too big",13.95442,106.468338461538
"2020-10_south-west_stereo-BRUVs","FHC02","Pomacentridae","Chromis","klunzingeri",67.22039,9.75,55.25,65,"too big",11.97039,103.415984615385
"2020-10_south-west_stereo-BRUVs","FHC02","Pomacentridae","Chromis","klunzingeri",64.38243,9.75,55.25,65,"too big",9.13243,99.0498923076923
"2020-10_south-west_stereo-BRUVs","FHC02","Pomacentridae","Chromis","klunzingeri",67.32511,9.75,55.25,65,"too big",12.07511,103.577092307692
"2020-10_south-west_stereo-BRUVs","FHC02","Pomacentridae","Chromis","klunzingeri",72.73066,9.75,55.25,65,"too big",17.48066,111.893323076923
"2020-10_south-west_stereo-BRUVs","FHC02","Pomacentridae","Chromis","klunzingeri",65.31971,9.75,55.25,65,"too big",10.06971,100.491861538462
"2020-10_south-west_stereo-BRUVs","FHC02","Labridae","Pseudolabrus","biserialis",164.93186,25.8,146.2,172,"too big",18.73186,95.8906162790698
"2020-10_south-west_stereo-BRUVs","FHC02","Labridae","Pseudolabrus","biserialis",167.6208,25.8,146.2,172,"too big",21.4208,97.4539534883721
"2020-10_south-west_stereo-BRUVs","FHC02","Labridae","Pseudolabrus","biserialis",147.96531,25.8,146.2,172,"too big",1.76531,86.0263430232558
"2020-10_south-west_stereo-BRUVs","FHC02","Labridae","Pseudolabrus","biserialis",174.64167,25.8,146.2,172,"too big",28.44167,101.535854651163
"2020-10_south-west_stereo-BRUVs","FHC02","Labridae","Pseudolabrus","biserialis",172.28103,25.8,146.2,172,"too big",26.08103,100.163389534884
"2020-10_south-west_stereo-BRUVs","FHC02","Labridae","Pseudolabrus","biserialis",160.05061,25.8,146.2,172,"too big",13.85061,93.0526802325581
"2020-10_south-west_stereo-BRUVs","FHC02","Labridae","Pseudolabrus","biserialis",167.89177,25.8,146.2,172,"too big",21.69177,97.6114941860465
"2020-10_south-west_stereo-BRUVs","FHC02","Scorpididae","Neatypus","obliquus",191.97669,33,187,220,"too big",4.97668999999999,87.2621318181818
"2020-10_south-west_stereo-BRUVs","FHC02","Scorpididae","Neatypus","obliquus",238.94865,33,187,220,"too big",51.94865,108.613022727273
"2020-10_south-west_stereo-BRUVs","FHC02","Scorpididae","Neatypus","obliquus",208.2716,33,187,220,"too big",21.2716,94.6689090909091
"2020-10_south-west_stereo-BRUVs","FHC02","Scorpididae","Neatypus","obliquus",189.8052,33,187,220,"too big",2.80520000000001,86.2750909090909
"2020-10_south-west_stereo-BRUVs","FHC02","Scorpididae","Neatypus","obliquus",202.51544,33,187,220,"too big",15.51544,92.0524727272727
"2020-10_south-west_stereo-BRUVs","FHC02","Scorpididae","Neatypus","obliquus",187.88495,33,187,220,"too big",0.884950000000003,85.40225
"2020-10_south-west_stereo-BRUVs","FHC02","Scorpididae","Neatypus","obliquus",205.03558,33,187,220,"too big",18.03558,93.1979909090909
"2020-10_south-west_stereo-BRUVs","FHC02","Scorpididae","Neatypus","obliquus",218.77114,33,187,220,"too big",31.77114,99.4414272727273
"2020-10_south-west_stereo-BRUVs","FHC02","Scorpididae","Neatypus","obliquus",203.37245,33,187,220,"too big",16.37245,92.4420227272727
"2020-10_south-west_stereo-BRUVs","FHC02","Scorpididae","Neatypus","obliquus",212.04706,33,187,220,"too big",25.04706,96.3850272727273
"2020-10_south-west_stereo-BRUVs","FHC02","Scorpididae","Neatypus","obliquus",191.60508,33,187,220,"too big",4.60507999999999,87.0932181818182
"2020-10_south-west_stereo-BRUVs","FHC02","Scorpididae","Neatypus","obliquus",189.63515,33,187,220,"too big",2.63515000000001,86.1977954545455
"2020-10_south-west_stereo-BRUVs","FHC02","Scorpididae","Neatypus","obliquus",193.6923,33,187,220,"too big",6.69229999999999,88.0419545454545
"2020-10_south-west_stereo-BRUVs","FHC02","Pomacentridae","Parma","occidentalis",254.57375,19.5,110.5,130,"too big",144.07375,195.825961538462
"2020-10_south-west_stereo-BRUVs","FHC02","Labridae","Coris","auricularis",59.68299,60,340,400,"too small",0.317010000000003,14.9207475
"2020-10_south-west_stereo-BRUVs","FHC02","Labridae","Coris","auricularis",59.84849,60,340,400,"too small",0.151510000000002,14.9621225
"2020-10_south-west_stereo-BRUVs","FH69","Labridae","Pseudolabrus","biserialis",149.7251,25.8,146.2,172,"too big",3.52510000000001,87.0494767441861
"2020-10_south-west_stereo-BRUVs","IO299","Scyliorhinidae","Asymbolus","occiduus",542.52685,90.15,510.85,601,"too big",31.67685,90.270690515807
"2020-10_south-west_stereo-BRUVs","FH23","Labridae","Eupetrichthys","angustipes",113.26372,18.6,105.4,124,"too big",7.86372000000001,91.3417096774194
"2020-10_south-west_stereo-BRUVs","FH23","Belonidae","Strongylura","leiura",158.13508,15,85,100,"too big",73.13508,158.13508
"2020-10_south-west_stereo-BRUVs","FH23","Labridae","Pseudolabrus","biserialis",166.99101,25.8,146.2,172,"too big",20.79101,97.0877965116279
"2020-10_south-west_stereo-BRUVs","FH23","Scorpididae","Neatypus","obliquus",189.58084,33,187,220,"too big",2.58083999999999,86.1731090909091
"2020-10_south-west_stereo-BRUVs","FH23","Monacanthidae","Scobinichthys","granulatus",746.50784,45,255,300,"too big",491.50784,248.835946666667
"2020-10_south-west_stereo-BRUVs","IO100","Labridae","Coris","auricularis",350.49491,60,340,400,"too big",10.49491,87.6237275
"2020-10_south-west_stereo-BRUVs","IO100","Pomacentridae","Chromis","klunzingeri",63.96098,9.75,55.25,65,"too big",8.71098,98.4015076923077
"2020-10_south-west_stereo-BRUVs","IO100","Pomacentridae","Chromis","klunzingeri",67.48198,9.75,55.25,65,"too big",12.23198,103.818430769231
"2020-10_south-west_stereo-BRUVs","IO100","Pomacentridae","Chromis","klunzingeri",59.96872,9.75,55.25,65,"too big",4.71872,92.2595692307692
"2020-10_south-west_stereo-BRUVs","IO100","Pomacentridae","Chromis","klunzingeri",61.12778,9.75,55.25,65,"too big",5.87778,94.0427384615385
"2020-10_south-west_stereo-BRUVs","IO100","Pomacentridae","Chromis","klunzingeri",62.23854,9.75,55.25,65,"too big",6.98854,95.7516
"2020-10_south-west_stereo-BRUVs","IO100","Pomacentridae","Chromis","klunzingeri",65.28989,9.75,55.25,65,"too big",10.03989,100.445984615385
"2020-10_south-west_stereo-BRUVs","IO100","Pomacentridae","Chromis","klunzingeri",61.76502,9.75,55.25,65,"too big",6.51502,95.0231076923077
"2020-10_south-west_stereo-BRUVs","IO100","Pomacentridae","Chromis","klunzingeri",62.71632,9.75,55.25,65,"too big",7.46632,96.4866461538462
"2020-10_south-west_stereo-BRUVs","IO100","Pomacentridae","Chromis","klunzingeri",59.71486,9.75,55.25,65,"too big",4.46486,91.8690153846154
"2020-10_south-west_stereo-BRUVs","IO100","Pomacentridae","Chromis","klunzingeri",65.14977,9.75,55.25,65,"too big",9.89977,100.230415384615
"2020-10_south-west_stereo-BRUVs","IO100","Pomacentridae","Chromis","klunzingeri",63.31731,9.75,55.25,65,"too big",8.06731,97.4112461538462
"2020-10_south-west_stereo-BRUVs","IO100","Pomacentridae","Chromis","klunzingeri",64.58737,9.75,55.25,65,"too big",9.33737000000001,99.3651846153846
"2020-10_south-west_stereo-BRUVs","IO100","Pomacentridae","Chromis","klunzingeri",65.53505,9.75,55.25,65,"too big",10.28505,100.823153846154
"2020-10_south-west_stereo-BRUVs","IO100","Pomacentridae","Chromis","klunzingeri",69.68987,9.75,55.25,65,"too big",14.43987,107.215184615385
"2020-10_south-west_stereo-BRUVs","IO100","Pomacentridae","Chromis","klunzingeri",64.06704,9.75,55.25,65,"too big",8.81704000000001,98.5646769230769
"2020-10_south-west_stereo-BRUVs","IO100","Pomacentridae","Chromis","klunzingeri",63.93299,9.75,55.25,65,"too big",8.68299,98.3584461538461
"2020-10_south-west_stereo-BRUVs","FH99","Labridae","Pseudolabrus","biserialis",171.89429,25.8,146.2,172,"too big",25.69429,99.9385406976744
"2020-10_south-west_stereo-BRUVs","FH99","Labridae","Pseudolabrus","biserialis",156.40957,25.8,146.2,172,"too big",10.20957,90.9357965116279
"2020-10_south-west_stereo-BRUVs","FH71","Labridae","Eupetrichthys","angustipes",120.02701,18.6,105.4,124,"too big",14.62701,96.7959758064516
"2020-10_south-west_stereo-BRUVs","FH71","Labridae","Pseudolabrus","biserialis",148.59212,25.8,146.2,172,"too big",2.39212000000001,86.3907674418605
"2020-10_south-west_stereo-BRUVs","FH71","Labridae","Pseudolabrus","biserialis",158.15362,25.8,146.2,172,"too big",11.95362,91.9497790697674
"2020-10_south-west_stereo-BRUVs","FH71","Labridae","Pseudolabrus","biserialis",161.98128,25.8,146.2,172,"too big",15.78128,94.1751627906977
"2020-10_south-west_stereo-BRUVs","FH71","Labridae","Coris","auricularis",366.0895,60,340,400,"too big",26.0895,91.522375
"2020-10_south-west_stereo-BRUVs","FH71","Scorpididae","Neatypus","obliquus",192.51015,33,187,220,"too big",5.51015000000001,87.5046136363636
"2020-10_south-west_stereo-BRUVs","FH71","Pomacentridae","Chromis","klunzingeri",76.14966,9.75,55.25,65,"too big",20.89966,117.153323076923
"2020-10_south-west_stereo-BRUVs","FH71","Pomacentridae","Chromis","klunzingeri",66.27545,9.75,55.25,65,"too big",11.02545,101.962230769231
"2020-10_south-west_stereo-BRUVs","FH71","Pomacentridae","Chromis","klunzingeri",69.33213,9.75,55.25,65,"too big",14.08213,106.664815384615
"2020-10_south-west_stereo-BRUVs","FH71","Pomacentridae","Chromis","klunzingeri",59.91345,9.75,55.25,65,"too big",4.66345,92.1745384615385
"2020-10_south-west_stereo-BRUVs","FH71","Pomacentridae","Chromis","klunzingeri",67.62426,9.75,55.25,65,"too big",12.37426,104.037323076923
"2020-10_south-west_stereo-BRUVs","FH71","Oplegnathidae","Oplegnathus","woodwardi",386.12246,67.5,382.5,450,"too big",3.62245999999999,85.8049911111111
"2020-10_south-west_stereo-BRUVs","FH68","Labridae","Coris","auricularis",355.40873,60,340,400,"too big",15.40873,88.8521825
"2020-10_south-west_stereo-BRUVs","FH68","Scorpididae","Neatypus","obliquus",191.67942,33,187,220,"too big",4.67941999999999,87.1270090909091
"2020-10_south-west_stereo-BRUVs","FH68","Scorpididae","Neatypus","obliquus",190.04588,33,187,220,"too big",3.04588000000001,86.3844909090909
"2020-10_south-west_stereo-BRUVs","FH79","Pomacentridae","Chromis","klunzingeri",58.44318,9.75,55.25,65,"too big",3.19318,89.9125846153846
"2020-10_south-west_stereo-BRUVs","FH79","Pomacentridae","Chromis","klunzingeri",59.04824,9.75,55.25,65,"too big",3.79824,90.8434461538462
"2020-10_south-west_stereo-BRUVs","FH79","Pomacentridae","Chromis","klunzingeri",55.59733,9.75,55.25,65,"too big",0.347329999999999,85.5343538461538
"2020-10_south-west_stereo-BRUVs","FH79","Pomacentridae","Chromis","klunzingeri",65.72351,9.75,55.25,65,"too big",10.47351,101.113092307692
"2020-10_south-west_stereo-BRUVs","FH79","Labridae","Pseudolabrus","biserialis",157.22707,25.8,146.2,172,"too big",11.02707,91.4110872093023
"2020-10_south-west_stereo-BRUVs","FH52","Labridae","Pseudolabrus","biserialis",153.29116,25.8,146.2,172,"too big",7.09116,89.1227674418605
"2020-10_south-west_stereo-BRUVs","FH83","Monacanthidae","Meuschenia","flavolineata",275.67037,45,255,300,"too big",20.67037,91.8901233333333
"2020-10_south-west_stereo-BRUVs","FH83","Monacanthidae","Meuschenia","flavolineata",269.28658,45,255,300,"too big",14.28658,89.7621933333333
"2020-10_south-west_stereo-BRUVs","FH83","Monacanthidae","Scobinichthys","granulatus",304.86516,45,255,300,"too big",49.86516,101.62172
"2020-10_south-west_stereo-BRUVs","FH83","Labridae","Coris","auricularis",372.74746,60,340,400,"too big",32.74746,93.186865
"2020-10_south-west_stereo-BRUVs","FH83","Labridae","Bodianus","frenchii",396.60302,67.5,382.5,450,"too big",14.10302,88.1340044444444
"2020-10_south-west_stereo-BRUVs","FH111","Monacanthidae","Acanthaluteres","vittiger",17.54118,52.5,297.5,350,"too small",34.95882,5.01176571428571
"2020-10_south-west_stereo-BRUVs","FH111","Labridae","Eupetrichthys","angustipes",153.9657,18.6,105.4,124,"too big",48.5657,124.165887096774
"2020-10_south-west_stereo-BRUVs","FH111","Scorpididae","Tilodon","sexfasciatus",378.38425,60,340,400,"too big",38.38425,94.5960625
"2020-10_south-west_stereo-BRUVs","FH111","Sphyraenidae","Sphyraena","novaehollandiae",114.05708,150,850,1000,"too small",35.94292,11.405708
"2020-10_south-west_stereo-BRUVs","IO133","Labridae","Pseudolabrus","biserialis",160.18372,25.8,146.2,172,"too big",13.98372,93.1300697674419
"2020-10_south-west_stereo-BRUVs","IO133","Pomacentridae","Chromis","klunzingeri",56.12684,9.75,55.25,65,"too big",0.876840000000001,86.3489846153846
"2020-10_south-west_stereo-BRUVs","IO133","Pomacentridae","Chromis","klunzingeri",56.13287,9.75,55.25,65,"too big",0.882869999999997,86.3582615384615
"2020-10_south-west_stereo-BRUVs","IO133","Pomacentridae","Chromis","klunzingeri",61.42463,9.75,55.25,65,"too big",6.17463,94.4994307692308
"2020-10_south-west_stereo-BRUVs","IO133","Pomacentridae","Chromis","klunzingeri",65.70944,9.75,55.25,65,"too big",10.45944,101.091446153846
"2020-10_south-west_stereo-BRUVs","IO133","Pomacentridae","Chromis","klunzingeri",59.58967,9.75,55.25,65,"too big",4.33967,91.6764153846154
"2020-10_south-west_stereo-BRUVs","IO133","Pomacentridae","Chromis","klunzingeri",62.03271,9.75,55.25,65,"too big",6.78271,95.4349384615385
"2020-10_south-west_stereo-BRUVs","IO133","Pomacentridae","Chromis","klunzingeri",57.80879,9.75,55.25,65,"too big",2.55879,88.9366
"2020-10_south-west_stereo-BRUVs","IO133","Urolophidae","Urolophus","circularis",1002.82439,90,510,600,"too big",492.82439,167.137398333333
"2020-10_south-west_stereo-BRUVs","IO133","Serranidae","Epinephelides","armatus",491.14324,84,476,560,"too big",15.14324,87.70415
"2020-10_south-west_stereo-BRUVs","IO133","Labridae","Bodianus","frenchii",412.81198,67.5,382.5,450,"too big",30.31198,91.7359955555556
"2020-10_south-west_stereo-BRUVs","IO133","Aulopidae","Latropiscis","purpurissatus",527.74503,90,510,600,"too big",17.74503,87.957505
"2020-10_south-west_stereo-BRUVs","IO133","Scorpididae","Tilodon","sexfasciatus",370.07834,60,340,400,"too big",30.07834,92.519585
"2020-10_south-west_stereo-BRUVs","IO133","Labridae","Ophthalmolepis","lineolatus",51.25397,60,340,400,"too small",8.74603,12.8134925
"2020-10_south-west_stereo-BRUVs","IO133","Labridae","Ophthalmolepis","lineolatus",58.03145,60,340,400,"too small",1.96855,14.5078625
"2020-10_south-west_stereo-BRUVs","IO133","Labridae","Ophthalmolepis","lineolatus",57.1312,60,340,400,"too small",2.8688,14.2828
"2020-10_south-west_stereo-BRUVs","IO133","Labridae","Ophthalmolepis","lineolatus",56.9054,60,340,400,"too small",3.0946,14.22635
"2020-10_south-west_stereo-BRUVs","IO133","Labridae","Ophthalmolepis","lineolatus",49.46247,60,340,400,"too small",10.53753,12.3656175
"2020-10_south-west_stereo-BRUVs","FH51","Labridae","Pseudolabrus","biserialis",157.02856,25.8,146.2,172,"too big",10.82856,91.2956744186047
"2020-10_south-west_stereo-BRUVs","FH51","Monacanthidae","Scobinichthys","granulatus",262.0374,45,255,300,"too big",7.03739999999999,87.3458
"2020-10_south-west_stereo-BRUVs","FH47","Labridae","Pseudolabrus","biserialis",180.41032,25.8,146.2,172,"too big",34.21032,104.889720930233
"2020-10_south-west_stereo-BRUVs","FH47","Labridae","Coris","auricularis",400.94804,60,340,400,"too big",60.94804,100.23701
"2020-10_south-west_stereo-BRUVs","FH47","Scorpididae","Neatypus","obliquus",207.92427,33,187,220,"too big",20.92427,94.5110318181818
"2020-10_south-west_stereo-BRUVs","FH47","Scorpididae","Neatypus","obliquus",208.38566,33,187,220,"too big",21.38566,94.7207545454545
"2020-10_south-west_stereo-BRUVs","FH47","Scorpididae","Neatypus","obliquus",195.89652,33,187,220,"too big",8.89652000000001,89.0438727272727
"2020-10_south-west_stereo-BRUVs","FH47","Pomacentridae","Chromis","klunzingeri",63.51113,9.75,55.25,65,"too big",8.26113,97.7094307692308
"2020-10_south-west_stereo-BRUVs","FH47","Pomacentridae","Chromis","klunzingeri",84.43643,9.75,55.25,65,"too big",29.18643,129.9022
"2020-10_south-west_stereo-BRUVs","FH42","Labridae","Pseudolabrus","biserialis",217.58576,25.8,146.2,172,"too big",71.38576,126.503348837209
"2020-10_south-west_stereo-BRUVs","FH42","Pomacentridae","Chromis","klunzingeri",67.46812,9.75,55.25,65,"too big",12.21812,103.797107692308
"2020-10_south-west_stereo-BRUVs","FH42","Pomacentridae","Chromis","klunzingeri",70.99294,9.75,55.25,65,"too big",15.74294,109.219907692308
"2020-10_south-west_stereo-BRUVs","FH42","Pomacentridae","Chromis","klunzingeri",71.10876,9.75,55.25,65,"too big",15.85876,109.398092307692
"2020-10_south-west_stereo-BRUVs","FH42","Monacanthidae","Scobinichthys","granulatus",259.21667,45,255,300,"too big",4.21667000000002,86.4055566666667
"2020-10_south-west_stereo-BRUVs","FH106","Pomacentridae","Chromis","klunzingeri",84.74121,9.75,55.25,65,"too big",29.49121,130.371092307692
"2020-10_south-west_stereo-BRUVs","FH106","Pomacentridae","Chromis","klunzingeri",75.73294,9.75,55.25,65,"too big",20.48294,116.512215384615
"2020-10_south-west_stereo-BRUVs","FH106","Pomacentridae","Chromis","klunzingeri",79.20162,9.75,55.25,65,"too big",23.95162,121.848646153846
"2020-10_south-west_stereo-BRUVs","FH106","Labridae","Coris","auricularis",357.32237,60,340,400,"too big",17.32237,89.3305925
"2020-10_south-west_stereo-BRUVs","FH106","Scorpididae","Neatypus","obliquus",233.89013,33,187,220,"too big",46.89013,106.313695454545
"2020-10_south-west_stereo-BRUVs","FH106","Labridae","Pseudolabrus","biserialis",169.75653,25.8,146.2,172,"too big",23.55653,98.6956569767442
"2020-10_south-west_stereo-BRUVs","FH106","Oplegnathidae","Oplegnathus","woodwardi",415.60403,67.5,382.5,450,"too big",33.10403,92.3564511111111
"2020-10_south-west_stereo-BRUVs","FH106","Serranidae","Epinephelides","armatus",523.71045,84,476,560,"too big",47.71045,93.5197232142857
"2020-10_south-west_stereo-BRUVs","IO276","Oplegnathidae","Oplegnathus","woodwardi",387.89168,67.5,382.5,450,"too big",5.39168000000001,86.1981511111111
"2020-10_south-west_stereo-BRUVs","FH49","Scorpididae","Scorpis","aequipinnis",394.17133,60,340,400,"too big",54.17133,98.5428325
"2020-10_south-west_stereo-BRUVs","FH49","Scorpididae","Neatypus","obliquus",194.83664,33,187,220,"too big",7.83663999999999,88.5621090909091
"2020-10_south-west_stereo-BRUVs","FH49","Scorpididae","Neatypus","obliquus",189.7105,33,187,220,"too big",2.7105,86.2320454545454
"2020-10_south-west_stereo-BRUVs","FH49","Scorpididae","Neatypus","obliquus",196.62703,33,187,220,"too big",9.62702999999999,89.3759227272727
"2020-10_south-west_stereo-BRUVs","FH49","Scorpididae","Neatypus","obliquus",197.7118,33,187,220,"too big",10.7118,89.869
"2020-10_south-west_stereo-BRUVs","FH49","Scorpididae","Neatypus","obliquus",190.31949,33,187,220,"too big",3.31949,86.5088590909091
"2020-10_south-west_stereo-BRUVs","FH49","Scorpididae","Neatypus","obliquus",193.3519,33,187,220,"too big",6.3519,87.8872272727273
"2020-10_south-west_stereo-BRUVs","FH49","Scorpididae","Neatypus","obliquus",194.08289,33,187,220,"too big",7.08288999999999,88.2194954545455
"2020-10_south-west_stereo-BRUVs","FH66","Scorpididae","Neatypus","obliquus",26.0539,33,187,220,"too small",6.9461,11.8426818181818
"2020-10_south-west_stereo-BRUVs","FH66","Labridae","Pseudolabrus","biserialis",181.47176,25.8,146.2,172,"too big",35.27176,105.506837209302
"2020-10_south-west_stereo-BRUVs","FH66","Labridae","Pseudolabrus","biserialis",184.24474,25.8,146.2,172,"too big",38.04474,107.119034883721
"2020-10_south-west_stereo-BRUVs","FH66","Scorpididae","Scorpis","georgiana",333.1163,49.5,280.5,330,"too big",52.6163,100.944333333333
"2020-10_south-west_stereo-BRUVs","FH66","Scorpaenidae","Scorpaena","sumptuosa",353.15457,60,340,400,"too big",13.15457,88.2886425
"2020-10_south-west_stereo-BRUVs","FH66","Pempherididae","Pempheris","klunzingeri",154.17562,27,153,180,"too big",1.17562000000001,85.6531222222222
"2020-10_south-west_stereo-BRUVs","FH66","Chaetodontidae","Chelmonops","curiosus",223.09034,39,221,260,"too big",2.09034,85.8039769230769
"2020-10_south-west_stereo-BRUVs","FH66","Monacanthidae","Acanthaluteres","brownii",498.73247,82.5,467.5,550,"too big",31.23247,90.6786309090909
"2020-10_south-west_stereo-BRUVs","FH66","Pomacentridae","Chromis","klunzingeri",58.42273,9.75,55.25,65,"too big",3.17273,89.8811230769231
"2020-10_south-west_stereo-BRUVs","FH66","Pomacentridae","Chromis","klunzingeri",81.03115,9.75,55.25,65,"too big",25.78115,124.663307692308
"2020-10_south-west_stereo-BRUVs","FH66","Pomacentridae","Chromis","klunzingeri",72.50912,9.75,55.25,65,"too big",17.25912,111.552492307692
"2020-10_south-west_stereo-BRUVs","FH66","Pomacentridae","Chromis","klunzingeri",71.43067,9.75,55.25,65,"too big",16.18067,109.893338461538
"2020-10_south-west_stereo-BRUVs","FH66","Pomacentridae","Chromis","klunzingeri",59.49902,9.75,55.25,65,"too big",4.24902,91.5369538461538
"2020-10_south-west_stereo-BRUVs","FH66","Pomacentridae","Chromis","klunzingeri",63.54342,9.75,55.25,65,"too big",8.29342,97.7591076923077
"2020-10_south-west_stereo-BRUVs","FH66","Pomacentridae","Chromis","klunzingeri",79.62056,9.75,55.25,65,"too big",24.37056,122.493169230769
"2020-10_south-west_stereo-BRUVs","FH66","Pomacentridae","Chromis","klunzingeri",56.48749,9.75,55.25,65,"too big",1.23749,86.9038307692308
"2020-10_south-west_stereo-BRUVs","FH66","Pomacentridae","Chromis","klunzingeri",59.76503,9.75,55.25,65,"too big",4.51503,91.9462
"2020-10_south-west_stereo-BRUVs","FH66","Pomacentridae","Chromis","klunzingeri",57.58823,9.75,55.25,65,"too big",2.33823,88.5972769230769
"2020-10_south-west_stereo-BRUVs","FH66","Pomacentridae","Chromis","klunzingeri",66.03627,9.75,55.25,65,"too big",10.78627,101.594261538462
"2020-10_south-west_stereo-BRUVs","FH66","Pomacentridae","Chromis","klunzingeri",57.81839,9.75,55.25,65,"too big",2.56839,88.9513692307692
"2020-10_south-west_stereo-BRUVs","FH66","Pomacentridae","Chromis","klunzingeri",64.86112,9.75,55.25,65,"too big",9.61112,99.7863384615385
"2020-10_south-west_stereo-BRUVs","FH66","Monacanthidae","Meuschenia","flavolineata",268.51426,45,255,300,"too big",13.51426,89.5047533333333
"2020-10_south-west_stereo-BRUVs","FH66","Pomacentridae","Parma","occidentalis",205.77367,19.5,110.5,130,"too big",95.27367,158.287438461538
"2020-10_south-west_stereo-BRUVs","IO308","Labridae","Bodianus","vulpinus",420.15234,65.25,369.75,435,"too big",50.40234,96.5867448275862
"2020-10_south-west_stereo-BRUVs","IO66","Odacidae","Siphonognathus","caninis",93.20931,15,85,100,"too big",8.20931,93.20931
"2020-10_south-west_stereo-BRUVs","IO66","Labridae","Ophthalmolepis","lineolatus",59.69125,60,340,400,"too small",0.308750000000003,14.9228125
"2020-10_south-west_stereo-BRUVs","FH74","Labridae","Pseudolabrus","biserialis",161.61488,25.8,146.2,172,"too big",15.41488,93.9621395348837
"2020-10_south-west_stereo-BRUVs","FH74","Scorpididae","Neatypus","obliquus",206.43062,33,187,220,"too big",19.43062,93.8321
"2020-10_south-west_stereo-BRUVs","FH74","Scorpididae","Neatypus","obliquus",207.33331,33,187,220,"too big",20.33331,94.2424136363636
"2020-10_south-west_stereo-BRUVs","FH74","Labridae","Coris","auricularis",354.97587,60,340,400,"too big",14.97587,88.7439675
"2020-10_south-west_stereo-BRUVs","IO74","Scorpididae","Neatypus","obliquus",188.06767,33,187,220,"too big",1.06766999999999,85.4853045454545
"2020-10_south-west_stereo-BRUVs","IO74","Scorpididae","Neatypus","obliquus",30.89536,33,187,220,"too small",2.10464,14.0433454545455
"2020-10_south-west_stereo-BRUVs","IO74","Scorpididae","Neatypus","obliquus",199.02444,33,187,220,"too big",12.02444,90.4656545454545
"2020-10_south-west_stereo-BRUVs","IO74","Labridae","Coris","auricularis",401.59522,60,340,400,"too big",61.59522,100.398805
"2020-10_south-west_stereo-BRUVs","IO74","Labridae","Coris","auricularis",361.04952,60,340,400,"too big",21.04952,90.26238
"2020-10_south-west_stereo-BRUVs","FH96","Scorpididae","Neatypus","obliquus",212.55002,33,187,220,"too big",25.55002,96.6136454545454
"2020-10_south-west_stereo-BRUVs","FH96","Scorpididae","Neatypus","obliquus",192.53074,33,187,220,"too big",5.53074000000001,87.5139727272727
"2020-10_south-west_stereo-BRUVs","FH96","Scorpididae","Neatypus","obliquus",205.39133,33,187,220,"too big",18.39133,93.3596954545455
"2020-10_south-west_stereo-BRUVs","FH96","Pomacentridae","Chromis","klunzingeri",57.94668,9.75,55.25,65,"too big",2.69668,89.1487384615385
"2020-10_south-west_stereo-BRUVs","FH96","Pomacentridae","Chromis","klunzingeri",69.23918,9.75,55.25,65,"too big",13.98918,106.521815384615
"2020-10_south-west_stereo-BRUVs","FH96","Pomacentridae","Chromis","klunzingeri",60.78823,9.75,55.25,65,"too big",5.53823,93.5203538461539
"2020-10_south-west_stereo-BRUVs","FH96","Pomacentridae","Chromis","klunzingeri",60.90721,9.75,55.25,65,"too big",5.65721,93.7034
"2020-10_south-west_stereo-BRUVs","FH96","Pomacentridae","Chromis","klunzingeri",62.17029,9.75,55.25,65,"too big",6.92029,95.6466
"2020-10_south-west_stereo-BRUVs","FH96","Pomacentridae","Chromis","klunzingeri",71.58578,9.75,55.25,65,"too big",16.33578,110.131969230769
"2020-10_south-west_stereo-BRUVs","FH96","Pomacentridae","Chromis","klunzingeri",65.39165,9.75,55.25,65,"too big",10.14165,100.602538461538
"2020-10_south-west_stereo-BRUVs","FH96","Pomacentridae","Chromis","klunzingeri",64.9885,9.75,55.25,65,"too big",9.7385,99.9823076923077
"2020-10_south-west_stereo-BRUVs","FH96","Pomacentridae","Chromis","klunzingeri",59.38115,9.75,55.25,65,"too big",4.13115,91.3556153846154
"2020-10_south-west_stereo-BRUVs","FH96","Monacanthidae","Scobinichthys","granulatus",264.67667,45,255,300,"too big",9.67667,88.2255566666667
"2020-10_south-west_stereo-BRUVs","FH58","Labridae","Pseudolabrus","biserialis",154.22633,25.8,146.2,172,"too big",8.02633,89.6664709302325
"2020-10_south-west_stereo-BRUVs","FH58","Labridae","Eupetrichthys","angustipes",131.29039,18.6,105.4,124,"too big",25.89039,105.879346774194
"2020-10_south-west_stereo-BRUVs","FH58","Scorpididae","Neatypus","obliquus",188.76588,33,187,220,"too big",1.76588000000001,85.8026727272727
"2020-10_south-west_stereo-BRUVs","FH58","Scorpididae","Neatypus","obliquus",194.58296,33,187,220,"too big",7.58296000000001,88.4468
"2020-10_south-west_stereo-BRUVs","FH58","Pomacentridae","Chromis","klunzingeri",59.97649,9.75,55.25,65,"too big",4.72649,92.2715230769231
"2020-10_south-west_stereo-BRUVs","FH58","Pomacentridae","Chromis","klunzingeri",71.6331,9.75,55.25,65,"too big",16.3831,110.204769230769
"2020-10_south-west_stereo-BRUVs","FH58","Pomacentridae","Chromis","klunzingeri",71.2287,9.75,55.25,65,"too big",15.9787,109.582615384615
"2020-10_south-west_stereo-BRUVs","FH58","Labridae","Coris","auricularis",387.28584,60,340,400,"too big",47.28584,96.82146
"2020-10_south-west_stereo-BRUVs","FH65","Labridae","Coris","auricularis",384.26869,60,340,400,"too big",44.26869,96.0671725
"2020-10_south-west_stereo-BRUVs","IO146","Pomacentridae","Chromis","klunzingeri",61.10594,9.75,55.25,65,"too big",5.85594,94.0091384615385
"2020-10_south-west_stereo-BRUVs","IO146","Pomacentridae","Chromis","klunzingeri",72.82354,9.75,55.25,65,"too big",17.57354,112.036215384615
"2020-10_south-west_stereo-BRUVs","IO146","Pomacentridae","Chromis","klunzingeri",64.99299,9.75,55.25,65,"too big",9.74299000000001,99.9892153846154
"2020-10_south-west_stereo-BRUVs","IO146","Pomacentridae","Chromis","klunzingeri",63.3832,9.75,55.25,65,"too big",8.1332,97.5126153846154
"2020-10_south-west_stereo-BRUVs","IO146","Pomacentridae","Chromis","klunzingeri",57.82082,9.75,55.25,65,"too big",2.57082,88.9551076923077
"2020-10_south-west_stereo-BRUVs","IO146","Pomacentridae","Chromis","klunzingeri",55.54016,9.75,55.25,65,"too big",0.29016,85.4464
"2020-10_south-west_stereo-BRUVs","IO146","Oplegnathidae","Oplegnathus","woodwardi",436.39655,67.5,382.5,450,"too big",53.89655,96.9770111111111
"2020-10_south-west_stereo-BRUVs","IO146","Labridae","Pseudolabrus","biserialis",168.73348,25.8,146.2,172,"too big",22.53348,98.1008604651163
"2020-10_south-west_stereo-BRUVs","IO146","Labridae","Coris","auricularis",385.45221,60,340,400,"too big",45.45221,96.3630525
"2020-10_south-west_stereo-BRUVs","IO146","Ostraciidae","Aracana","aurita",241.8383,30,170,200,"too big",71.8383,120.91915
"2020-10_south-west_stereo-BRUVs","IO146","Cheilodactylidae","Nemadactylus","valenciennesi",90.7348,135,765,900,"too small",44.2652,10.0816444444444
"2020-10_south-west_stereo-BRUVs","IO146","Monacanthidae","Meuschenia","freycineti",544.65671,90,510,600,"too big",34.65671,90.7761183333333
"2020-10_south-west_stereo-BRUVs","IO244","Labridae","Austrolabrus","maculatus",132.28161,18.825,106.675,125.5,"too big",25.60661,105.403673306773
"2020-10_south-west_stereo-BRUVs","IO244","Labridae","Austrolabrus","maculatus",111.77479,18.825,106.675,125.5,"too big",5.09979,89.063577689243
"2020-10_south-west_stereo-BRUVs","IO244","Labridae","Eupetrichthys","angustipes",115.692,18.6,105.4,124,"too big",10.292,93.3
"2020-10_south-west_stereo-BRUVs","IO244","Oplegnathidae","Oplegnathus","woodwardi",449.74478,67.5,382.5,450,"too big",67.24478,99.9432844444444
"2020-10_south-west_stereo-BRUVs","IO260","Labridae","Suezichthys","bifurcatus",144.82431,13.5,76.5,90,"too big",68.32431,160.9159
"2020-10_south-west_stereo-BRUVs","IO260","Labridae","Pseudolabrus","biserialis",158.25523,25.8,146.2,172,"too big",12.05523,92.0088546511628
"2020-10_south-west_stereo-BRUVs","IO260","Labridae","Eupetrichthys","angustipes",111.88729,18.6,105.4,124,"too big",6.48729,90.231685483871
"2020-10_south-west_stereo-BRUVs","IO260","Scorpididae","Neatypus","obliquus",188.15916,33,187,220,"too big",1.15916000000001,85.5268909090909
"2020-10_south-west_stereo-BRUVs","IO5","Labridae","Suezichthys","bifurcatus",122.49018,13.5,76.5,90,"too big",45.99018,136.1002
"2020-10_south-west_stereo-BRUVs","IO5","Labridae","Suezichthys","bifurcatus",115.39338,13.5,76.5,90,"too big",38.89338,128.214866666667
"2020-10_south-west_stereo-BRUVs","IO5","Labridae","Suezichthys","bifurcatus",107.20257,13.5,76.5,90,"too big",30.70257,119.113966666667
"2020-10_south-west_stereo-BRUVs","IO5","Labridae","Coris","auricularis",345.02543,60,340,400,"too big",5.02542999999997,86.2563575
"2020-10_south-west_stereo-BRUVs","IO199","Labridae","Pseudolabrus","biserialis",163.80083,25.8,146.2,172,"too big",17.60083,95.2330406976744
"2020-10_south-west_stereo-BRUVs","IO199","Labridae","Pseudolabrus","biserialis",153.34385,25.8,146.2,172,"too big",7.14385000000001,89.1534011627907
"2020-10_south-west_stereo-BRUVs","IO199","Labridae","Eupetrichthys","angustipes",141.64924,18.6,105.4,124,"too big",36.24924,114.233258064516
"2020-10_south-west_stereo-BRUVs","IO199","Labridae","Coris","auricularis",381.02048,60,340,400,"too big",41.02048,95.25512
"2020-10_south-west_stereo-BRUVs","IO259","Scorpididae","Scorpis","georgiana",353.04744,49.5,280.5,330,"too big",72.54744,106.984072727273
"2020-10_south-west_stereo-BRUVs","IO259","Labridae","Pseudolabrus","biserialis",176.7979,25.8,146.2,172,"too big",30.5979,102.789476744186
"2020-10_south-west_stereo-BRUVs","IO259","Labridae","Pseudolabrus","biserialis",168.25548,25.8,146.2,172,"too big",22.05548,97.8229534883721
"2020-10_south-west_stereo-BRUVs","IO259","Labridae","Pseudolabrus","biserialis",152.74518,25.8,146.2,172,"too big",6.54518000000002,88.8053372093023
"2020-10_south-west_stereo-BRUVs","IO259","Labridae","Coris","auricularis",48.92587,60,340,400,"too small",11.07413,12.2314675
"2020-10_south-west_stereo-BRUVs","IO259","Labridae","Coris","auricularis",341.26114,60,340,400,"too big",1.26114000000001,85.315285
"2020-10_south-west_stereo-BRUVs","IO259","Labridae","Coris","auricularis",54.6047,60,340,400,"too small",5.3953,13.651175
"2020-10_south-west_stereo-BRUVs","IO259","Labridae","Coris","auricularis",57.87943,60,340,400,"too small",2.12057,14.4698575
"2020-10_south-west_stereo-BRUVs","IO259","Labridae","Coris","auricularis",41.04545,60,340,400,"too small",18.95455,10.2613625
"2020-10_south-west_stereo-BRUVs","IO259","Scorpididae","Neatypus","obliquus",210.29674,33,187,220,"too big",23.29674,95.5894272727273
"2020-10_south-west_stereo-BRUVs","IO259","Scorpididae","Neatypus","obliquus",205.99954,33,187,220,"too big",18.99954,93.6361545454545
"2020-10_south-west_stereo-BRUVs","IO259","Scorpididae","Neatypus","obliquus",195.40928,33,187,220,"too big",8.40928,88.8224
"2020-10_south-west_stereo-BRUVs","IO259","Scorpididae","Neatypus","obliquus",187.0038,33,187,220,"too big",0.00380000000001246,85.0017272727273
"2020-10_south-west_stereo-BRUVs","IO259","Scorpididae","Neatypus","obliquus",204.13869,33,187,220,"too big",17.13869,92.7903136363636
"2020-10_south-west_stereo-BRUVs","IO259","Scorpididae","Neatypus","obliquus",196.66694,33,187,220,"too big",9.66694000000001,89.3940636363636
"2020-10_south-west_stereo-BRUVs","IO259","Scorpididae","Neatypus","obliquus",194.07721,33,187,220,"too big",7.07721000000001,88.2169136363636
"2020-10_south-west_stereo-BRUVs","IO147","Labridae","Pseudolabrus","biserialis",152.07678,25.8,146.2,172,"too big",5.87678000000002,88.4167325581395
"2020-10_south-west_stereo-BRUVs","IO236","Labridae","Pseudolabrus","biserialis",147.2841,25.8,146.2,172,"too big",1.08410000000001,85.6302906976744
"2020-10_south-west_stereo-BRUVs","IO236","Labridae","Pseudolabrus","biserialis",164.37399,25.8,146.2,172,"too big",18.17399,95.566273255814
"2020-10_south-west_stereo-BRUVs","IO236","Pomacentridae","Chromis","klunzingeri",67.60149,9.75,55.25,65,"too big",12.35149,104.002292307692
"2020-10_south-west_stereo-BRUVs","IO236","Pomacentridae","Chromis","klunzingeri",62.41389,9.75,55.25,65,"too big",7.16389,96.0213692307692
"2020-10_south-west_stereo-BRUVs","IO236","Pomacentridae","Chromis","klunzingeri",63.24385,9.75,55.25,65,"too big",7.99385,97.2982307692308
"2020-10_south-west_stereo-BRUVs","IO236","Pomacentridae","Chromis","klunzingeri",68.07044,9.75,55.25,65,"too big",12.82044,104.723753846154
"2020-10_south-west_stereo-BRUVs","IO236","Pomacentridae","Chromis","klunzingeri",67.12638,9.75,55.25,65,"too big",11.87638,103.271353846154
"2020-10_south-west_stereo-BRUVs","IO236","Pomacentridae","Chromis","klunzingeri",57.06429,9.75,55.25,65,"too big",1.81429,87.7912153846154
"2020-10_south-west_stereo-BRUVs","IO236","Pomacentridae","Chromis","klunzingeri",59.91116,9.75,55.25,65,"too big",4.66116,92.1710153846154
"2020-10_south-west_stereo-BRUVs","IO236","Oplegnathidae","Oplegnathus","woodwardi",389.12679,67.5,382.5,450,"too big",6.62679000000003,86.47262
"2020-10_south-west_stereo-BRUVs","IO236","Labridae","Coris","auricularis",59.96911,60,340,400,"too small",0.0308899999999994,14.9922775
"2020-10_south-west_stereo-BRUVs","IO236","Labridae","Coris","auricularis",54.82925,60,340,400,"too small",5.17075,13.7073125
"2020-10_south-west_stereo-BRUVs","IO236","Labridae","Coris","auricularis",56.19732,60,340,400,"too small",3.80268,14.04933
"2020-10_south-west_stereo-BRUVs","IOC06","Pomacentridae","Chromis","klunzingeri",71.96485,9.75,55.25,65,"too big",16.71485,110.715153846154
"2020-10_south-west_stereo-BRUVs","IOC06","Pomacentridae","Chromis","klunzingeri",57.42557,9.75,55.25,65,"too big",2.17557,88.3470307692308
"2020-10_south-west_stereo-BRUVs","IOC06","Labridae","Austrolabrus","maculatus",112.74656,18.825,106.675,125.5,"too big",6.07156000000001,89.8378964143426
"2020-10_south-west_stereo-BRUVs","IO75","Odacidae","Siphonognathus","caninis",90.89499,15,85,100,"too big",5.89499000000001,90.89499
"2020-10_south-west_stereo-BRUVs","IO75","Scorpididae","Neatypus","obliquus",201.15644,33,187,220,"too big",14.15644,91.4347454545454
"2020-10_south-west_stereo-BRUVs","IO356","Scorpididae","Scorpis","aequipinnis",427.46793,60,340,400,"too big",87.46793,106.8669825
"2020-10_south-west_stereo-BRUVs","IO356","Scorpididae","Scorpis","aequipinnis",387.03941,60,340,400,"too big",47.03941,96.7598525
"2020-10_south-west_stereo-BRUVs","IO356","Scorpididae","Scorpis","aequipinnis",457.14287,60,340,400,"too big",117.14287,114.2857175
"2020-10_south-west_stereo-BRUVs","IO356","Scorpididae","Scorpis","georgiana",317.75434,49.5,280.5,330,"too big",37.25434,96.289193939394
"2020-10_south-west_stereo-BRUVs","IO356","Pomacentridae","Parma","bicolor",166.86529,21,119,140,"too big",47.86529,119.189492857143
"2020-10_south-west_stereo-BRUVs","IO356","Scorpididae","Neatypus","obliquus",192.89237,33,187,220,"too big",5.89237,87.67835
"2020-10_south-west_stereo-BRUVs","IO356","Scorpididae","Neatypus","obliquus",194.62541,33,187,220,"too big",7.62540999999999,88.4660954545454
"2020-10_south-west_stereo-BRUVs","IO356","Scorpididae","Neatypus","obliquus",201.81369,33,187,220,"too big",14.81369,91.7334954545454
"2020-10_south-west_stereo-BRUVs","IO356","Scorpididae","Neatypus","obliquus",199.973,33,187,220,"too big",12.973,90.8968181818182
"2020-10_south-west_stereo-BRUVs","IO356","Scorpididae","Neatypus","obliquus",195.31763,33,187,220,"too big",8.31763000000001,88.7807409090909
"2020-10_south-west_stereo-BRUVs","IO356","Scorpididae","Neatypus","obliquus",209.45682,33,187,220,"too big",22.45682,95.2076454545455
"2020-10_south-west_stereo-BRUVs","IO356","Scorpididae","Neatypus","obliquus",198.17848,33,187,220,"too big",11.17848,90.0811272727273
"2020-10_south-west_stereo-BRUVs","IO356","Scorpididae","Neatypus","obliquus",194.08987,33,187,220,"too big",7.08986999999999,88.2226681818182
"2020-10_south-west_stereo-BRUVs","IO356","Scorpididae","Neatypus","obliquus",201.15797,33,187,220,"too big",14.15797,91.4354409090909
"2020-10_south-west_stereo-BRUVs","IO356","Scorpididae","Neatypus","obliquus",194.83225,33,187,220,"too big",7.83224999999999,88.5601136363636
"2020-10_south-west_stereo-BRUVs","IO356","Scorpididae","Neatypus","obliquus",187.45044,33,187,220,"too big",0.450439999999986,85.2047454545454
"2020-10_south-west_stereo-BRUVs","IO356","Monacanthidae","Meuschenia","flavolineata",265.67665,45,255,300,"too big",10.67665,88.5588833333333
"2020-10_south-west_stereo-BRUVs","IO356","Monacanthidae","Meuschenia","flavolineata",275.29847,45,255,300,"too big",20.29847,91.7661566666667
"2020-10_south-west_stereo-BRUVs","IO356","Chaetodontidae","Chelmonops","curiosus",231.63307,39,221,260,"too big",10.63307,89.0896423076923
"2020-10_south-west_stereo-BRUVs","IO356","Labridae","Coris","auricularis",56.82916,60,340,400,"too small",3.17084,14.20729
"2020-10_south-west_stereo-BRUVs","IO356","Labridae","Coris","auricularis",53.0083,60,340,400,"too small",6.9917,13.252075
"2020-10_south-west_stereo-BRUVs","IO217","Aracanidae","Anoplocapros","amygdaloides",282.34348,45,255,300,"too big",27.34348,94.1144933333333
"2020-10_south-west_stereo-BRUVs","IO217","Scorpididae","Neatypus","obliquus",202.82038,33,187,220,"too big",15.82038,92.1910818181818
"2020-10_south-west_stereo-BRUVs","IO217","Scorpididae","Neatypus","obliquus",192.39991,33,187,220,"too big",5.39991000000001,87.4545045454546
"2020-10_south-west_stereo-BRUVs","IO217","Scorpididae","Neatypus","obliquus",189.65589,33,187,220,"too big",2.65589,86.2072227272727
"2020-10_south-west_stereo-BRUVs","IO217","Scorpididae","Tilodon","sexfasciatus",366.66692,60,340,400,"too big",26.66692,91.66673
"2020-10_south-west_stereo-BRUVs","FH37","Labridae","Austrolabrus","maculatus",111.60721,18.825,106.675,125.5,"too big",4.93221,88.9300478087649
"2020-10_south-west_stereo-BRUVs","FH37","Odacidae","Siphonognathus","caninis",88.86729,15,85,100,"too big",3.86729,88.86729
"2020-10_south-west_stereo-BRUVs","FH37","Labridae","Pseudolabrus","biserialis",163.43744,25.8,146.2,172,"too big",17.23744,95.0217674418605
"2020-10_south-west_stereo-BRUVs","IO95","Oplegnathidae","Oplegnathus","woodwardi",383.36729,67.5,382.5,450,"too big",0.867290000000025,85.1927311111111
"2020-10_south-west_stereo-BRUVs","IO228","Oplegnathidae","Oplegnathus","woodwardi",425.43732,67.5,382.5,450,"too big",42.93732,94.5416266666667
"2020-10_south-west_stereo-BRUVs","IO62","Oplegnathidae","Oplegnathus","woodwardi",449.31133,67.5,382.5,450,"too big",66.81133,99.8469622222222
"2020-10_south-west_stereo-BRUVs","IO273","Pomacentridae","Chromis","klunzingeri",60.3438,9.75,55.25,65,"too big",5.0938,92.8366153846154
"2020-10_south-west_stereo-BRUVs","IO273","Pomacentridae","Chromis","klunzingeri",60.17822,9.75,55.25,65,"too big",4.92822,92.5818769230769
"2020-10_south-west_stereo-BRUVs","IO273","Pomacentridae","Chromis","klunzingeri",63.04352,9.75,55.25,65,"too big",7.79352,96.9900307692308
"2020-10_south-west_stereo-BRUVs","IO273","Pomacentridae","Chromis","klunzingeri",62.03765,9.75,55.25,65,"too big",6.78765,95.4425384615385
"2020-10_south-west_stereo-BRUVs","IO273","Pomacentridae","Chromis","klunzingeri",72.87297,9.75,55.25,65,"too big",17.62297,112.112261538462
"2020-10_south-west_stereo-BRUVs","IO273","Pomacentridae","Chromis","klunzingeri",57.6238,9.75,55.25,65,"too big",2.3738,88.652
"2020-10_south-west_stereo-BRUVs","IO273","Pomacentridae","Chromis","klunzingeri",61.93222,9.75,55.25,65,"too big",6.68222,95.2803384615385
"2020-10_south-west_stereo-BRUVs","IO273","Pomacentridae","Chromis","klunzingeri",57.68655,9.75,55.25,65,"too big",2.43655,88.7485384615385
"2020-10_south-west_stereo-BRUVs","IO273","Pomacentridae","Chromis","klunzingeri",59.51909,9.75,55.25,65,"too big",4.26909,91.5678307692308
"2020-10_south-west_stereo-BRUVs","IO273","Pomacentridae","Chromis","klunzingeri",57.12774,9.75,55.25,65,"too big",1.87774,87.8888307692308
"2020-10_south-west_stereo-BRUVs","IO273","Pomacentridae","Chromis","klunzingeri",66.50884,9.75,55.25,65,"too big",11.25884,102.321292307692
"2020-10_south-west_stereo-BRUVs","IO273","Pomacentridae","Chromis","klunzingeri",63.68392,9.75,55.25,65,"too big",8.43392,97.9752615384615
"2020-10_south-west_stereo-BRUVs","IO273","Pomacentridae","Chromis","klunzingeri",59.55312,9.75,55.25,65,"too big",4.30312,91.6201846153846
"2020-10_south-west_stereo-BRUVs","IO273","Pomacentridae","Chromis","klunzingeri",58.0554,9.75,55.25,65,"too big",2.8054,89.316
"2020-10_south-west_stereo-BRUVs","IO273","Pomacentridae","Chromis","klunzingeri",56.21214,9.75,55.25,65,"too big",0.962139999999998,86.4802153846154
"2020-10_south-west_stereo-BRUVs","IO273","Pomacentridae","Chromis","klunzingeri",55.71659,9.75,55.25,65,"too big",0.466589999999997,85.7178307692308
"2020-10_south-west_stereo-BRUVs","IO273","Pomacentridae","Chromis","klunzingeri",62.46464,9.75,55.25,65,"too big",7.21464,96.0994461538462
"2020-10_south-west_stereo-BRUVs","IO328","Labridae","Pseudolabrus","biserialis",155.25977,25.8,146.2,172,"too big",9.05977000000001,90.2673081395349
"2020-10_south-west_stereo-BRUVs","IO328","Labridae","Pseudolabrus","biserialis",147.89374,25.8,146.2,172,"too big",1.69374000000002,85.9847325581395
"2020-10_south-west_stereo-BRUVs","IO328","Pomacentridae","Chromis","klunzingeri",60.85436,9.75,55.25,65,"too big",5.60436,93.6220923076923
"2020-10_south-west_stereo-BRUVs","IO328","Pomacentridae","Chromis","klunzingeri",58.84152,9.75,55.25,65,"too big",3.59152,90.5254153846154
"2020-10_south-west_stereo-BRUVs","IO328","Pomacentridae","Chromis","klunzingeri",66.06164,9.75,55.25,65,"too big",10.81164,101.633292307692
"2020-10_south-west_stereo-BRUVs","IO328","Pomacentridae","Chromis","klunzingeri",59.66916,9.75,55.25,65,"too big",4.41916,91.7987076923077
"2020-10_south-west_stereo-BRUVs","IO328","Pomacentridae","Chromis","klunzingeri",63.7906,9.75,55.25,65,"too big",8.5406,98.1393846153846
"2020-10_south-west_stereo-BRUVs","IO328","Carangidae","Seriola","hippos",1401.97405,225,1275,1500,"too big",126.97405,93.4649366666667
"2020-10_south-west_stereo-BRUVs","FHC01","Labridae","Pseudolabrus","biserialis",146.71951,25.8,146.2,172,"too big",0.519510000000025,85.3020406976744
"2020-10_south-west_stereo-BRUVs","FHC01","Scorpididae","Neatypus","obliquus",204.02654,33,187,220,"too big",17.02654,92.7393363636364
"2020-10_south-west_stereo-BRUVs","FHC01","Scorpididae","Neatypus","obliquus",196.58368,33,187,220,"too big",9.58367999999999,89.3562181818182
"2020-10_south-west_stereo-BRUVs","FHC01","Pomacentridae","Chromis","klunzingeri",71.58059,9.75,55.25,65,"too big",16.33059,110.123984615385
"2020-10_south-west_stereo-BRUVs","FHC01","Pomacentridae","Chromis","klunzingeri",59.07981,9.75,55.25,65,"too big",3.82981,90.8920153846154
"2020-10_south-west_stereo-BRUVs","FHC01","Pomacentridae","Chromis","klunzingeri",62.14082,9.75,55.25,65,"too big",6.89082,95.6012615384615
"2020-10_south-west_stereo-BRUVs","FHC01","Labridae","Coris","auricularis",355.65195,60,340,400,"too big",15.65195,88.9129875
