"","campaignid","sample","broad.bryozoa","broad.consolidated","broad.hydroids","broad.macroalgae","broad.octocoral.black","broad.reef","broad.seagrasses","broad.sponges","broad.stony.corals","broad.unconsolidated","fov.facing.up","fov.limited","fov.open","mean.relief","sd.relief","dataset","planned.or.exploratory","latitude","longitude","date","time","location","status","site","depth","observer","successful.count","successful.length","commonwealth.zone","state.zone"
"1","2020-06_south-west_stereo-BRUVs","01",0,0,0,7.69230769230769,0,100,0,92.3076923076923,0,0,0,10,90,3.11538461538462,0.325812593608421,NA,"MBH",-34.128599,114.930865,20200602,"09:10","South-west","No-take","c1",46.7,"Hayley","Yes",NA,"National Park Zone",NA
"2","2020-06_south-west_stereo-BRUVs","02",0,0,0,25,0,100,0,75,0,0,0,25,75,2.95,0.223606797749979,NA,"MBH",-34.125316,114.928838,20200602,"09:18","South-west","No-take","c1",44.4,"Hayley","Yes",NA,"National Park Zone",NA
"3","2020-06_south-west_stereo-BRUVs","03",0,0,0,100,0,100,0,0,0,0,0,0,100,3,0.377964473009227,NA,"MBH",-34.126906,114.925945,20200602,"09:27","South-west","No-take","c1",39.3,"Hayley","Yes",NA,"National Park Zone",NA
"4","2020-06_south-west_stereo-BRUVs","04",0,0,0,0,0,0,0,0,0,100,0,0,100,0.692307692307692,0.470678724331642,NA,"MBH",-34.122634,114.920337,20200602,"09:44","South-west","No-take","c2",44.1,"Hayley","Yes",NA,"National Park Zone",NA
"5","2020-06_south-west_stereo-BRUVs","05",0,4.34782608695652,0,86.9565217391304,0,99.9999999999999,0,8.69565217391304,0,0,0,5,95,2.95652173913043,0.474654024198412,NA,"MBH",-34.131497,114.915753,20200602,"09:57","South-west","No-take","c3",44.1,"Hayley","Yes",NA,"National Park Zone",NA
"6","2020-06_south-west_stereo-BRUVs","06",0,4.34782608695652,0,65.2173913043478,0,95.6521739130434,26.0869565217391,0,0,4.34782608695652,0,0,100,2.78260869565217,0.518434859512082,NA,"MBH",-34.132842,114.912405,20200602,"10:06","South-west","No-take","c3",43.2,"Hayley","Yes",NA,"National Park Zone",NA
"7","2020-06_south-west_stereo-BRUVs","07",0,0,0,68,0,84,0,16,0,16,0,10,90,2.6,0.763762615825973,NA,"MBH",-34.134771,114.910241,20200602,"10:16","South-west","No-take","c3",43.9,"Hayley","Yes",NA,"National Park Zone",NA
"8","2020-06_south-west_stereo-BRUVs","08",0,16.6666666666667,0,36.1111111111111,0,100,0,47.2222222222222,0,0,0,35,65,3.38888888888889,0.687761494281174,NA,"MBH",-34.129352,114.911755,20200602,"13:48","South-west","No-take","c3",39.6,"Hayley","Yes",NA,"National Park Zone",NA
"9","2020-06_south-west_stereo-BRUVs","09",0,0,0,55.1724137931034,0,62.0689655172413,0,6.89655172413793,0,37.9310344827586,0,5,95,2.06896551724138,1.13171912475662,NA,"MBH",-34.119541,114.916105,20200602,"11:45","South-west","No-take","c2",43.8,"Hayley","Yes",NA,"National Park Zone",NA
"10","2020-06_south-west_stereo-BRUVs","10",0,0,0,50,0,100,0,50,0,0,0,15,85,2.45833333333333,0.508977377704052,NA,"MBH",-34.117294,114.918685,20200602,"11:51","South-west","No-take","c2",45.7,"Hayley","Yes",NA,"National Park Zone",NA
"11","2020-06_south-west_stereo-BRUVs","11",0,3.33333333333333,0,40,0,56.6666666666666,0,13.3333333333333,0,43.3333333333333,0,0,100,1.5,0.629723529922403,NA,"MBH",-34.117752,114.92306,20200602,"13:55","South-west","No-take","c2",45.08,"Hayley","Yes",NA,"National Park Zone",NA
"12","2020-06_south-west_stereo-BRUVs","12",0,0,0,50,0,100,33.3333333333333,16.6666666666667,0,0,0,5,95,2.75,0.452267016866645,NA,"MBH",-34.132262,114.928545,20200602,"12:03","South-west","No-take","c1",40.1,"Hayley","Yes",NA,"National Park Zone",NA
"13","2020-06_south-west_stereo-BRUVs","13",0,0,0,18.75,0,87.5,0,68.75,0,12.5,0,15,85,2.1875,0.644455258838937,NA,"Legacy",-34.128506,114.930547,20200602,"12:09","South-west","No-take","c1",45.2,"Hayley","Yes",NA,"National Park Zone",NA
"14","2020-06_south-west_stereo-BRUVs","14",0,0,0,77.7777777777778,0,88.8888888888889,3.7037037037037,7.40740740740741,0,11.1111111111111,0,25,75,2.77777777777778,0.640512615220349,NA,"Legacy",-34.128381,114.925457,20200602,"12:16","South-west","No-take","c1",35,"Hayley","Yes",NA,"National Park Zone",NA
"15","2020-06_south-west_stereo-BRUVs","15",0,6.06060606060606,0,63.6363636363636,0,81.8181818181818,0,12.1212121212121,0,18.1818181818182,0,12.5,87.5,2.57575757575758,0.830297500534561,NA,"Legacy",-34.125012,114.91032,20200602,"14:09","South-west","No-take","c3",43,"Hayley","Yes",NA,"National Park Zone",NA
"16","2020-06_south-west_stereo-BRUVs","16",0,2.94117647058824,0,82.3529411764706,0,100,2.94117647058824,11.7647058823529,0,0,0,22.5,77.5,2.79411764705882,0.410425630121905,NA,"Legacy",-34.126181,114.906548,20200602,"14:14","South-west","No-take","c3",40.9,"Hayley","Yes",NA,"National Park Zone",NA
"17","2020-06_south-west_stereo-BRUVs","17",0,0,0,78.2608695652174,0,78.2608695652174,0,0,0,21.7391304347826,0,0,100,2.04347826086957,0.705707953345447,NA,"Legacy",-34.132142,114.92083,20200602,"14:20","South-west","No-take","c3",40.2,"Hayley","Yes",NA,"National Park Zone",NA
"18","2020-06_south-west_stereo-BRUVs","18",0,0,0,100,0,100,0,0,0,0,0,12.5,87.5,3,0,NA,"Legacy",-34.128679,114.924078,20200602,"14:25","South-west","No-take","c1",35.8,"Hayley","Yes","18 left converted wrong. Check BU to convert again","National Park Zone",NA
"19","2020-06_south-west_stereo-BRUVs","19",0,0,0,45.1612903225806,0,74.1935483870967,0,29.0322580645161,0,25.8064516129032,0,22.5,77.5,2.45161290322581,0.925156191404794,NA,"Legacy",-34.122542,114.927818,20200602,"14:30","South-west","No-take","c1",44.9,NA,NA,"No","National Park Zone",NA
"20","2020-06_south-west_stereo-BRUVs","20",0,40,0,32,0,88,0,16,0,12,0,0,100,2.36,0.7,NA,"MBH",-34.130219,114.820233,20200603,"08:16","South-west","No-take","c8",51.7,"Hayley","Yes",NA,"National Park Zone",NA
"21","2020-06_south-west_stereo-BRUVs","21",0,48,0,32,0,100,0,20,0,0,0,7.5,92.5,2.28,0.458257569495584,NA,"MBH",-34.128151,114.817448,20200603,"08:24","South-west","No-take","c8",52.4,"Hayley","Yes",NA,"National Park Zone",NA
"22","2020-06_south-west_stereo-BRUVs","22",0,4.34782608695652,0,56.5217391304348,0,69.5652173913044,0,8.69565217391304,0,30.4347826086957,0,7.69230769230769,92.3076923076923,2.04545454545455,0.843872746402686,NA,"MBH",-34.126271,114.819552,20200603,"08:32","South-west","No-take","c8",51.9,"Hayley","Yes",NA,"National Park Zone",NA
"23","2020-06_south-west_stereo-BRUVs","23",0,13.0434782608696,0,4.34782608695652,0,100,0,82.6086956521739,0,0,0,20,80,2.56521739130435,0.506869801869702,NA,"MBH",-34.124217,114.817017,20200603,"08:38","South-west","No-take","c8",51.3,"Hayley","Yes",NA,"National Park Zone",NA
"24","2020-06_south-west_stereo-BRUVs","24",0,15,0,40,0,85,0,30,0,15,0,2.5,97.5,2.1,0.640723275517187,NA,"MBH",-34.118739,114.826402,20200603,"08:47","South-west","No-take","c7",49.8,"Hayey","Yes",NA,"National Park Zone",NA
"25","2020-06_south-west_stereo-BRUVs","25",0,40.9090909090909,0,36.3636363636364,0,100,0,22.7272727272727,0,0,0,7.5,92.5,2.45454545454545,0.509647191437625,NA,"MBH",-34.116829,114.828432,20200603,"08:54","South-west","No-take","c7",48.4,"Hayley","Yes",NA,"National Park Zone",NA
"26","2020-06_south-west_stereo-BRUVs","26",0,20.6896551724138,0,51.7241379310345,0,82.7586206896552,0,10.3448275862069,0,17.2413793103448,0,2.5,97.5,2.03448275862069,0.625799980635623,NA,"MBH",-34.120881,114.828907,20200603,"09:02","South-west","No-take","c7",48.4,"Hayley","Yes",NA,"National Park Zone",NA
"27","2020-06_south-west_stereo-BRUVs","27",0,44.8275862068966,0,34.4827586206897,0,82.7586206896553,0,3.44827586206897,0,17.2413793103448,0,0,100,2.06896551724138,0.65088041927611,NA,"MBH",-34.121824,114.832898,20200603,"10:19","South-west","No-take","c7",47.8,"Hayley","Yes",NA,"National Park Zone",NA
"28","2020-06_south-west_stereo-BRUVs","28",0,19.2307692307692,0,76.9230769230769,0,100,0,3.84615384615385,0,0,0,0,100,2.15384615384615,0.36794648440312,NA,"MBH",-34.112916,114.852137,20200603,"10:27","South-west","No-take","c6",44.7,"Hayley","Yes",NA,"National Park Zone",NA
"29","2020-06_south-west_stereo-BRUVs","29",0,0,0,75,0,95.8333333333334,4.16666666666667,16.6666666666667,0,4.16666666666667,0,0,100,2.45833333333333,0.588229965875272,NA,"MBH",-34.111084,114.855648,20200603,"10:31","South-west","No-take","c6",43,"Hayley","Yes",NA,"National Park Zone",NA
"30","2020-06_south-west_stereo-BRUVs","30",0,0,0,86.3636363636364,0,100,4.54545454545455,9.09090909090909,0,0,0,5,95,2.36363636363636,0.492365963917331,NA,"MBH",-34.112094,114.85946,20200603,"10:37","South-west","No-take","c6",42.9,"Hayley","Yes",NA,"National Park Zone",NA
"31","2020-06_south-west_stereo-BRUVs","31",0,25.9259259259259,0,40.7407407407407,0,66.6666666666666,0,0,0,33.3333333333333,0,0,100,1.77777777777778,0.933699561847852,NA,"MBH",-34.116007,114.860738,20200603,"10:42","South-west","No-take","c6",44.4,"Hayley","Yes",NA,"National Park Zone",NA
"32","2020-06_south-west_stereo-BRUVs","32",0,0,0,87.5,0,87.5,0,0,0,12.5,0,0,100,2.375,0.824225591744734,NA,"MBH",-34.130076,114.86109,20200603,"10:49","South-west","No-take","c5",43.2,"Hayley","Yes",NA,"National Park Zone",NA
"33","2020-06_south-west_stereo-BRUVs","33",0,24,0,28,0,64,0,12,0,36,0,0,100,1.68,1.14455231422596,NA,"MBH",-34.133067,114.8627,20200603,"10:54","South-west","No-take","c5",43.6,"Hayley","Yes",NA,"National Park Zone",NA
"34","2020-06_south-west_stereo-BRUVs","34",0,56,0,28,0,88,0,4,0,12,0,0,100,1.76,0.66332495807108,NA,"MBH",-34.131334,114.866053,20200603,"12:18","South-west","No-take","c5",42.7,"Hayley","Yes",NA,"National Park Zone",NA
"35","2020-06_south-west_stereo-BRUVs","35",0,3.7037037037037,0,81.4814814814815,0,92.5925925925926,3.7037037037037,3.7037037037037,0,7.40740740740741,0,0,100,2.44444444444444,0.640512615220349,NA,"MBH",-34.134801,114.869348,20200603,"12:23","South-west","No-take","c5",43.8,"Hayley","Yes",NA,"National Park Zone",NA
"36","2020-06_south-west_stereo-BRUVs","36",0,0,0,8,0,8,0,0,0,92,0,2.5,97.5,0.84,0.850490054811538,NA,"MBH",-34.130484,114.878263,20200603,"12:29","South-west","No-take","c4",42.2,"Hayey","Yes",NA,"National Park Zone",NA
"37","2020-06_south-west_stereo-BRUVs","37",0,0,0,73.9130434782609,0,82.6086956521739,4.34782608695652,4.34782608695652,0,17.3913043478261,0,0,100,2.1304347826087,0.694415897524803,NA,"MBH",-34.126354,114.878937,20200603,"12:34","South-west","No-take","c4",41.2,"Hayley","Yes",NA,"National Park Zone",NA
"38","2020-06_south-west_stereo-BRUVs","38",0,26.3157894736842,0,26.3157894736842,0,63.1578947368421,0,10.5263157894737,0,36.8421052631579,0,0,100,1.89473684210526,0.936585811581694,NA,"MBH",-34.127912,114.883938,20200603,"12:39","South-west","No-take","c4",41.8,"Hayley","Yes",NA,"National Park Zone",NA
"39","2020-06_south-west_stereo-BRUVs","39",0,4,0,68,0,76,0,4,0,24,0,0,100,2.12,0.781024967590666,NA,"MBH",-34.132294,114.884797,20200603,"12:42","South-west","No-take","c4",42.2,"Hayley","Yes",NA,"National Park Zone",NA
"40","2020-06_south-west_stereo-BRUVs","40",0,0,0,78.5714285714286,0,100,0,21.4285714285714,0,0,0,0,100,2.46428571428571,0.50787450018337,NA,"MBH",-34.133669,114.880443,20200603,"12:46","South-west","No-take","c4",41.2,"Hayley","Yes",NA,"National Park Zone",NA
"41","2020-06_south-west_stereo-BRUVs","08 - failed",0,0,0,0,0,0,0,0,0,0,0,NA,NA,NA,NA,NA,"MBH",-34.129336,114.911822,20200602,"11:36","South-west","No-take","c3",41.7,NA,"No","No","National Park Zone",NA
"42","2020-06_south-west_stereo-BRUVs","11 - failed",0,0,0,0,0,0,0,0,0,0,0,NA,NA,NA,NA,NA,"MBH",-34.117769,114.923158,20200602,"11:55","South-west","No-take","c2",46.7,NA,"No","No","National Park Zone",NA
"43","2020-10_south-west_stereo-BRUVs","FH102",0,0,0,0,0,0,0,0,0,100,0,0,100,0.185185185185185,0.39584739066357,"FH","MBH",-33.68868897,114.9288721,20201017,"06:42:00","South-west","No-take","C.FH.3",44.1,"Daphne","Yes","Yes",NA,"Injidup Sanctuary Zone"
"44","2020-10_south-west_stereo-BRUVs","FHA",0,0,0,24,0,36,0,12,0,64,0,0,100,1.36,0.489897948556636,"FH","Legacy",-33.683135,114.937827,20201017,"06:55:00","South-west","No-take","C.FH.3",44.6,"Daphne","Yes","Yes",NA,"Injidup Sanctuary Zone"
"45","2020-10_south-west_stereo-BRUVs","FHB",0,3.44827586206897,0,37.9310344827586,0,75.8620689655173,0,34.4827586206897,0,24.1379310344828,0,10,90,1.96551724137931,0.680480849981921,"FH","Legacy",-33.681655,114.957127,20201017,"07:02:00","South-west","No-take","C.FH.A",41.3,"Daphne","Yes","Yes",NA,"Injidup Sanctuary Zone"
"46","2020-10_south-west_stereo-BRUVs","FHD",0,0,0,5,0,5,0,0,0,95,0,0,100,0.5,0.606976978666884,"FH","Legacy",-33.686897,114.958507,20201017,"07:12:00","South-west","No-take","C.FH.A",39.5,"Daphne","Yes","Yes",NA,"Injidup Sanctuary Zone"
"47","2020-10_south-west_stereo-BRUVs","FHE",0,0,0,0,0,0,0,0,0,100,0,0,100,0,0,"FH","Legacy",-33.687267,114.951172,20201017,"07:16:00","South-west","No-take","C.FH.A",42.3,"Daphne","Yes","Yes",NA,"Injidup Sanctuary Zone"
"48","2020-10_south-west_stereo-BRUVs","FH31",0,3.57142857142857,0,64.2857142857143,0,89.2857142857143,14.2857142857143,7.14285714285714,0,10.7142857142857,0,0,100,2.39285714285714,0.685256681526506,"FH","MBH",-33.67368897,114.8238721,20201012,"08:27:00","South-west","Fished","C.FH.2",45.4,"Daphne","Yes","Yes","Special Purpose Zone (Mining Exclusion)",NA
"49","2020-10_south-west_stereo-BRUVs","FH5",0,22.7272727272727,0,4.54545454545455,0,72.7272727272726,31.8181818181818,13.6363636363636,0,27.2727272727273,0,0,100,2.18181818181818,0.852802865422442,"FH","MBH",-33.69368897,114.9413721,20201017,"08:46:00","South-west","No-take","C.FH.5",44.5,"Daphne","Yes","Yes",NA,"Injidup Sanctuary Zone"
"50","2020-10_south-west_stereo-BRUVs","FH108",0,4.34782608695652,0,65.2173913043478,0,73.9130434782608,0,4.34782608695652,0,26.0869565217391,0,0,100,1.69565217391304,0.558795995356872,"FH","MBH",-33.76118897,114.9238721,20201017,"09:32:00","South-west","Fished","C.FH.9",44.7,"Daphne","Yes","Yes","Special Purpose Zone (Mining Exclusion)",NA
"51","2020-10_south-west_stereo-BRUVs","FH6",0,0,0,80,0,100,20,0,0,0,0,0,100,2.4,0.516397779494322,"FH","MBH",-33.70618897,114.8213721,20201012,"10:50:00","South-west","Fished","C.FH.6",46,"Daphne","Yes","Yes","Special Purpose Zone (Mining Exclusion)",NA
"52","2020-10_south-west_stereo-BRUVs","FH95",0,0,0,72,0,92,0,20,0,8,0,0,100,2.28,0.613731754650732,"FH","MBH",-33.75868897,114.8913721,20201017,"11:07:00","South-west","Fished","C.FH.8",46.8,"Daphne","Yes","Yes","Special Purpose Zone (Mining Exclusion)",NA
"53","2020-10_south-west_stereo-BRUVs","IO272",18.1818181818182,0,0,81.8181818181818,0,100,0,0,0,0,0,20,80,2.81818181818182,0.404519917477945,"IO","MBH",-34.00868897,114.8138721,20201019,"06:56:00","South-west","Fished","C.IO.21",49.2,NA,NA,"No","Special Purpose Zone (Mining Exclusion)",NA
"54","2020-10_south-west_stereo-BRUVs","FH44",0,3.84615384615385,0,15.3846153846154,0,84.6153846153846,65.3846153846154,0,0,15.3846153846154,0,7.5,92.5,2.53846153846154,0.706018086497463,"FH","MBH",-33.77118897,114.8638721,20201017,"11:28:00","South-west","Fished","C.FH.10",43.3,"Daphne","Yes","Yes","Special Purpose Zone (Mining Exclusion)",NA
"55","2020-10_south-west_stereo-BRUVs","FH20",0,35,0,25,0,85,20,5,0,15,0,0,100,2.05,0.604805318829299,"FH","MBH",-33.78618897,114.8738721,20201017,"11:40:00","South-west","Fished","C.FH.11",43.1,"Daphne","Yes","Yes","Special Purpose Zone (Mining Exclusion)",NA
"56","2020-10_south-west_stereo-BRUVs","FH7",0,0,0,34.7826086956522,0,100,30.4347826086957,34.7826086956522,0,0,0,0,100,2.43478260869565,0.506869801869702,"FH","MBH",-33.78368897,114.8788721,20201017,"11:45:00","South-west","Fished","C.FH.11",45,"Daphne","Yes","Yes","Special Purpose Zone (Mining Exclusion)",NA
"57","2020-10_south-west_stereo-BRUVs","FH34",0,12.5,0,45.8333333333333,0,87.5,25,4.16666666666667,0,12.5,0,0,100,2.16666666666667,0.637022057270606,"FH","MBH",-33.78618897,114.8838721,20201017,"11:51:00","South-west","Fished","C.FH.11",44.8,"Daphne","Yes","Yes","Special Purpose Zone (Mining Exclusion)",NA
"58","2020-10_south-west_stereo-BRUVs","FH18",0,10,0,70,0,80,0,0,0,20,0,0,100,2,0.794719414239026,"FH","MBH",-33.79118897,114.8213721,20201012,"13:19:00","South-west","Fished","C.FH.12",43.5,"Daphne","Yes","Yes","Special Purpose Zone (Mining Exclusion)",NA
"59","2020-10_south-west_stereo-BRUVs","FH26",6.25,6.25,0,43.75,0,100,37.5,6.25,0,0,0,0,100,2.4375,0.51234753829798,"FH","MBH",-33.81118897,114.8288721,20201012,"15:10:00","South-west","Fished","C.FH.13",44.1,"Daphne","Yes","check calibration","Special Purpose Zone (Mining Exclusion)",NA
"60","2020-10_south-west_stereo-BRUVs","FH27",0,10,0,55,0,90,15,10,0,10,0,12.5,87.5,2.25,0.638666373658505,"FH","MBH",-33.83618897,114.8713721,20201012,"15:39:00","South-west","Fished","C.FH.14",42.9,"Daphne","Yes","Yes","Special Purpose Zone (Mining Exclusion)",NA
"61","2020-10_south-west_stereo-BRUVs","IO333",0,0,4.34782608695652,0,0,4.34782608695652,0,0,0,95.6521739130435,0,0,100,0.304347826086957,0.764840007553312,"IO","MBH",-34.11301667,114.7251333,20201022,"10:01:00","South-west","No-take","C.IO.9",127,"Rachel","Yes",NA,"National Park Zone",NA
"62","2020-10_south-west_stereo-BRUVs","IO332",0,0,0,0,0,0,0,0,0,100,0,0,100,0,0,"IO","MBH",-34.09718333,114.7344833,20201022,"10:33:00","South-west","No-take","C.IO.10",124,"Rachel","Yes",NA,"National Park Zone",NA
"63","2020-10_south-west_stereo-BRUVs","IO319",3.84615384615385,0,19.2307692307692,0,0,30.7692307692307,0,7.69230769230769,0,69.2307692307692,0,0,100,1.07692307692308,1.16354894776548,"IO","MBH",-34.09368897,114.7313721,20201022,"10:37:00","South-west","No-take","C.IO.10",124,"Rachel","Yes",NA,"National Park Zone",NA
"64","2020-10_south-west_stereo-BRUVs","IO337",0,0,0,100,0,100,0,0,0,0,0,0,100,3,0,"IO","MBH",-34.00536667,114.8202333,20201019,"07:02:00","South-west","Fished","C.IO.21",43,"Daphne","Yes","CALs shit, come back","Special Purpose Zone (Mining Exclusion)",NA
"65","2020-10_south-west_stereo-BRUVs","IOREDO344",0,0,0,0,0,0,0,0,0,100,0,0,100,0.3,0.483045891539648,"IO","MBH",-34.0844,114.6744,20201123,"07:12","South-west","No-take","C.IO.14",138,"Daphne - finishes at 59:27","Yes","CALs shit, come back","National Park Zone",NA
"66","2020-10_south-west_stereo-BRUVs","IO269",0,4.16666666666667,0,87.5,0,100,0,8.33333333333333,0,0,0,0,100,2.79166666666667,0.414851116999053,"IO","MBH",-33.98868897,114.8138721,20201019,"07:18:00","South-west","Fished","C.IO.22",47.6,"Brooke Gibbons","Yes","Yes","Special Purpose Zone (Mining Exclusion)",NA
"67","2020-10_south-west_stereo-BRUVs","IO300",0,0,0,0,0,0,0,0,0,100,0,0,100,0.739130434782609,0.44897775854488,"IO","MBH",-34.08618897,114.6688721,20201123,"07:18","South-west","No-take","C.IO.14",138,"Brooke Gibbons","Yes","Yes","National Park Zone",NA
"68","2020-10_south-west_stereo-BRUVs","IO58",41.6666666666667,0,29.1666666666667,0,8.33333333333333,87.5000000000001,0,8.33333333333333,0,12.5,0,0,100,2,0.510753918455249,"IO","MBH",-34.13618897,114.7738721,20201022,"07:21:00","South-west","No-take","C.IO.69",92.7,"Brooke Gibbons","Yes","CALs shit, come back","National Park Zone",NA
"69","2020-10_south-west_stereo-BRUVs","IO343",0,0,0,0,0,12,0,12,0,88,0,0,100,0.64,1.113552872566,"IO","MBH",-34.10261667,114.6407167,20201123,"07:38","South-west","No-take","C.IO.15",140,"Rachel","Yes","Yes","National Park Zone",NA
"70","2020-10_south-west_stereo-BRUVs","IO62",0,0,7.14285714285714,0,0,7.14285714285714,0,0,0,92.8571428571429,0,0,100,0.642857142857143,0.826159598709403,"IO","MBH",-34.13368897,114.7663721,20201022,"07:45:00","South-west","No-take","C.IO.69",105,"Brooke Gibbons","Yes","Yes","National Park Zone",NA
"71","2020-10_south-west_stereo-BRUVs","IO282",0,0,0,0,0,0,0,0,0,0,0,NA,NA,NA,NA,"IO","MBH",-34.14618897,114.5438721,20201029,"07:20:00","South-west","No-take","C.IO.18",146,NA,"No","No","National Park Zone",NA
"72","2020-10_south-west_stereo-BRUVs","IO278",0,0,0,0,0,4.34782608695652,0,4.34782608695652,0,95.6521739130435,0,0,100,0.91304347826087,0.596432079365658,"IO","MBH",-34.11118897,114.6388721,20201123,"07:45","South-west","No-take","C.IO.15",140,"Brooke Gibbons","Yes","Yes","National Park Zone",NA
"73","2020-10_south-west_stereo-BRUVs","IO277",0,0,0,0,12,24,0,12,0,76,0,12.5,87.5,1.36,0.99498743710662,"IO","MBH",-34.10618897,114.6463721,20201123,"07:53","South-west","No-take","C.IO.15",139,"Brooke Gibbons","Yes","Yes","National Park Zone",NA
"74","2020-10_south-west_stereo-BRUVs","IO110",0,0,4.16666666666667,0,0,4.16666666666667,0,0,0,95.8333333333333,0,7.5,92.5,0.333333333333333,0.701964118163034,"IO","MBH",-34.14118897,114.7288721,20201022,"08:00:00","South-west","No-take","C.IO.68",128,"Brooke Gibbons","Yes","Yes","National Park Zone",NA
"75","2020-10_south-west_stereo-BRUVs","IO98",0,0,0,0,0,5,0,5,0,95,0,0,100,0.45,0.759154654516248,"IO","MBH",-34.13368897,114.7313721,20201022,"08:13:00","South-west","No-take","C.IO.68",128,"Daphne","Yes","Yes","National Park Zone",NA
"76","2020-10_south-west_stereo-BRUVs","IO95",0,0,0,0,0,0,0,0,0,100,0,0,100,0.0952380952380952,0.300792603759119,"IO","MBH",-34.12618897,114.7338721,20201022,"08:21:00","South-west","No-take","C.IO.68",124,"Daphne","Yes","Yes","National Park Zone",NA
"77","2020-10_south-west_stereo-BRUVs","IO264",0,77.2727272727273,0,0,0,90.9090909090909,13.6363636363636,0,0,9.09090909090909,0,7.5,92.5,1.63636363636364,0.726731400270092,"IO","MBH",-34.01868897,114.8738721,20201019,"09:31:00","South-west","Fished","C.IO.19",42,"Brooke Gibbons","Yes","Yes","Special Purpose Zone (Mining Exclusion)",NA
"78","2020-10_south-west_stereo-BRUVs","IO339",0,13.3333333333333,0,60,0,100,16.6666666666667,10,0,0,0,0,100,2.8,0.484234198111502,"IO","MBH",-34.01461667,114.8785,20201019,"09:41:00","South-west","Fished","C.IO.19",41.1,"Daphne","Yes","Yes","Special Purpose Zone (Mining Exclusion)",NA
"79","2020-10_south-west_stereo-BRUVs","IO352",10,0,10,0,3.33333333333333,46.6666666666666,0,23.3333333333333,0,53.3333333333333,0,0,100,1.4,1.1017227888395,"IO","MBH",-34.03618897,114.5988721,20201123,"09:43","South-west","Fished","C.IO.27",133,"Rachel","Yes","Yes","Special Purpose Zone (Mining Exclusion)",NA
"80","2020-10_south-west_stereo-BRUVs","IO323",0,0,0,0,0,10,0,10,0,90,0,12.5,87.5,1.2,0.615587011251092,"IO","MBH",-34.03103333,114.6001,20201123,"09:48","South-west","Fished","C.IO.27",141,"Daphne","Yes","Yes","Special Purpose Zone (Mining Exclusion)",NA
"81","2020-10_south-west_stereo-BRUVs","IO263",0,0,0,48,0,100,52,0,0,0,0,0,100,2.56,0.506622805119022,"IO","MBH",-34.00868897,114.8788721,20201019,"09:52:00","South-west","Fished","C.IO.19",42.4,"Brooke Gibbons","Yes","Yes","Special Purpose Zone (Mining Exclusion)",NA
"82","2020-10_south-west_stereo-BRUVs","IO307",0,0,0,0,0,5,0,5,0,95,0,0,100,0.8,0.695852373938459,"IO","MBH",-34.11868897,114.7263721,20201022,"09:56:00","South-west","No-take","C.IO.9",128,"Daphne - finishes at 59:36","Yes","Yes","National Park Zone",NA
"83","2020-10_south-west_stereo-BRUVs","IO350",4,0,0,0,0,8,0,4,0,92,0,0,100,1,0.408248290463863,"IO","MBH",-34.02618897,114.6038721,20201123,"09:56","South-west","Fished","C.IO.27",135,"Brooke Gibbons","Yes","Yes","Special Purpose Zone (Mining Exclusion)",NA
"84","2020-10_south-west_stereo-BRUVs","IO369",0,0,5,0,0,10,0,5,0,90,0,0,100,1.05,0.604805318829299,"IO","MBH",-34.02868897,114.5913721,20201123,"10:08","South-west","Fished","C.IO.27",133,"Rachel","Yes","Yes","Special Purpose Zone (Mining Exclusion)",NA
"85","2020-10_south-west_stereo-BRUVs","IO37",0,0,0,0,0,5,0,5,0,95,0,12.5,87.5,0.8,0.523148363780597,"IO","MBH",-34.10868897,114.7188721,20201022,"10:12:00","South-west","No-take","C.IO.55",130,"Brooke Gibbons","Yes","Yes","National Park Zone",NA
"86","2020-10_south-west_stereo-BRUVs","IO351",4.16666666666667,0,0,0,0,4.16666666666667,0,0,0,95.8333333333333,0,0,100,0.541666666666667,0.588229965875272,"IO","MBH",-34.03118897,114.5963721,20201123,"10:13","South-west","Fished","C.IO.27",142,"Daphne","Yes","Yes","Special Purpose Zone (Mining Exclusion)",NA
"87","2020-10_south-west_stereo-BRUVs","IO40",0,0,0,0,0,3.84615384615385,0,3.84615384615385,0,96.1538461538462,0,0,100,0.5,0.707106781186548,"IO","MBH",-34.10368897,114.7138721,20201022,"10:17:00","South-west","No-take","C.IO.55",131,"Brooke Gibbons","Yes","Yes","National Park Zone",NA
"88","2020-10_south-west_stereo-BRUVs","IOCP2311",0,0,0,0,0,0,0,0,0,100,0,0,100,0.933333333333333,0.258198889747161,"IO","Legacy",-34.01858,114.601465,20201123,"10:19","South-west","Fished","C.IO.46",142,"Daphne","Yes","CALs shit, come back","Special Purpose Zone (Mining Exclusion)",NA
"89","2020-10_south-west_stereo-BRUVs","FH37",0,3.84615384615385,0,80.7692307692308,0,100,15.3846153846154,0,0,0,0,12.5,87.5,2.42307692307692,0.503831473655779,"FH","MBH",-33.71118897,114.8138721,20201012,"11:03:00","South-west","Fished","C.FH.6",44.2,"Daphne","Yes","Yes","Special Purpose Zone (Mining Exclusion)",NA
"90","2020-10_south-west_stereo-BRUVs","IO338",0,0,0,23.0769230769231,0,30.7692307692308,0,7.69230769230769,0,69.2307692307692,0,0,100,1.07692307692308,0.744208407535251,"IO","MBH",-33.97231667,114.92245,20201019,"11:50:00","South-west","Fished","C.IO.20",46,"Daphne","Yes","Yes",NA,NA
"91","2020-10_south-west_stereo-BRUVs","IO253",0,0,0,0,0,0,0,0,0,100,25,0,75,0.533333333333333,0.516397779494322,"IO","MBH",-34.01368897,114.7038721,20201123,"12:15","South-west","Fished","C.IO.49",124,"Brooke Gibbons","Yes","Yes but shit CAL accepted errors","Special Purpose Zone (Mining Exclusion)",NA
"92","2020-10_south-west_stereo-BRUVs","IO364",4.34782608695652,0,0,0,0,8.69565217391304,0,4.34782608695652,0,91.304347826087,0,0,100,0.608695652173913,0.782718481539738,"IO","MBH",-34.00868897,114.6888721,20201123,"12:21","South-west","Fished","C.IO.24",130,"Daphne","Yes","Yes","Special Purpose Zone (Mining Exclusion)",NA
"93","2020-10_south-west_stereo-BRUVs","IO180",0,0,0,0,0,0,0,0,0,100,0,0,100,0,0,"IO","MBH",-33.99618897,114.7038721,20201123,"12:36","South-west","Fished","C.IO.41",122,"Brooke Gibbons","Yes","Yes","Special Purpose Zone (Mining Exclusion)",NA
"94","2020-10_south-west_stereo-BRUVs","IOCP11-1",0,0,0,0,0,0,0,0,0,100,0,12.5,87.5,0.0869565217391304,0.28810406552003,"IO","Legacy",-33.992845,114.696642,20201123,"12:39","South-west","Fished","C.IO.41",124,"Daphne","Yes","Yes","Special Purpose Zone (Mining Exclusion)",NA
"95","2020-10_south-west_stereo-BRUVs","IOCP11-2",12.1212121212121,0,15.1515151515152,0,9.09090909090909,93.939393939394,0,57.5757575757576,0,6.06060606060606,0,0,100,2.51515151515152,0.667139983493538,"IO","Legacy",-33.974332,114.692773,20201123,"12:47","South-west","Fished",NA,124,"Daphne","Yes","Yes but try remeasure C. lineatus w/ dif CAL","Special Purpose Zone (Mining Exclusion)",NA
"96","2020-10_south-west_stereo-BRUVs","IO164",0,7.40740740740741,0,62.962962962963,0,88.8888888888889,18.5185185185185,0,0,11.1111111111111,0,0,100,2.22222222222222,0.640512615220349,"IO","MBH",-34.03368897,114.9038721,20201016,"07:14:00","South-west","Fished","C.IO.62",44.1,"Hayley","Yes","check calibration","Special Purpose Zone (Mining Exclusion)",NA
"97","2020-10_south-west_stereo-BRUVs","IO184",0,0,0,64,0,92,0,28,0,8,0,0,100,2.12,0.525991127935317,"IO","MBH",-34.04118897,114.9038721,20201016,"07:19:00","South-west","Fished","C.IO.62",45.9,"Hayley","Yes","Yes","Special Purpose Zone (Mining Exclusion)",NA
"98","2020-10_south-west_stereo-BRUVs","IO165",0,0,0,61.9047619047619,0,100,9.52380952380952,28.5714285714286,0,0,0,0,100,2.33333333333333,0.483045891539648,"IO","MBH",-34.04368897,114.8988721,20201016,"07:23:00","South-west","Fished","C.IO.62",42.6,"Hayley","Yes",NA,"Special Purpose Zone (Mining Exclusion)",NA
"99","2020-10_south-west_stereo-BRUVs","IO374",10.5263157894737,0,0,0,57.8947368421053,100,0,31.5789473684211,0,0,0,0,100,2.42105263157895,0.507257273501788,"IO","MBH",-33.98618897,114.7463721,20201015,"07:31:00","South-west","Fished","C.IO.25",72.9,"Hayley","Yes",NA,"Special Purpose Zone (Mining Exclusion)",NA
"100","2020-10_south-west_stereo-BRUVs","IO361",21.7391304347826,0,0,0,0,43.4782608695652,0,21.7391304347826,0,56.5217391304348,0,12.5,87.5,1.52173913043478,1.08164711172743,"IO","MBH",-33.98868897,114.7413721,20201015,"07:35:00","South-west","Fished","C.IO.25",84.7,"Hayley","Yes",NA,"Special Purpose Zone (Mining Exclusion)",NA
"101","2020-10_south-west_stereo-BRUVs","IO155",0,0,0,64,0,96,24,8,0,4,0,10,90,2.45833333333333,0.588229965875272,"IO","MBH",-34.04368897,114.8838721,20201016,"07:42:00","South-west","Fished","C.IO.65",41.9,"Hayley","Yes",NA,"Special Purpose Zone (Mining Exclusion)",NA
"102","2020-10_south-west_stereo-BRUVs","IO325",12,0,20,0,4,48,0,12,0,52,0,0,100,1.76,0.597215762238964,"IO","MBH",-33.991557,114.743378,20201015,"07:44:00","South-west","Fished","C.IO.25",85,"Hayley","Yes",NA,"Special Purpose Zone (Mining Exclusion)",NA
"103","2020-10_south-west_stereo-BRUVs","IOC06",0,0,0,13.3333333333333,0,100,80,6.66666666666667,0,0,0,0,100,2.8,0.414039335605413,"IO","Legacy",-34.048689,114.876372,20201016,"07:48:00","South-west","Fished","C.IO.65",41.5,"Ramesh","Yes",NA,"Special Purpose Zone (Mining Exclusion)",NA
"104","2020-10_south-west_stereo-BRUVs","IO266",0,0,0,0,0,10.5263157894737,0,10.5263157894737,0,89.4736842105263,0,10,90,0.684210526315789,0.671038298207203,"IO","MBH",-34.02118897,114.7588721,20201015,"08:06:00","South-west","Fished","C.IO.23",67.3,"Hayley","Yes",NA,"Special Purpose Zone (Mining Exclusion)",NA
"105","2020-10_south-west_stereo-BRUVs","IO327",20,0,12,0,20,92,0,40,0,8,0,0,100,2.28,0.678232998312527,"IO","MBH",-34.02946667,114.7623833,20201015,"08:17:00","South-west","Fished","C.IO.23",65.4,"Hayley","Yes",NA,"Special Purpose Zone (Mining Exclusion)",NA
"106","2020-10_south-west_stereo-BRUVs","IO210",0,0,0,70.8333333333333,0,95.8333333333333,20.8333333333333,4.16666666666667,0,4.16666666666667,0,7.5,92.5,2.29166666666667,0.550032937090187,"IO","MBH",-34.09118897,114.8738721,20201016,"10:09:00","South-west","No-take","C.IO.6",43.5,"Hayley","Yes",NA,"National Park Zone",NA
"107","2020-10_south-west_stereo-BRUVs","IO17",0,0,0,84.2105263157895,0,84.2105263157895,0,0,0,15.7894736842105,0,0,100,1.89473684210526,0.458831467741124,"IO","MBH",-34.06368897,114.8763721,20201016,"08:07:00","South-west","No-take","C.IO.35",41.1,NA,NA,"No","National Park Zone",NA
"108","2020-10_south-west_stereo-BRUVs","IO334",4,0,0,0,0,4,0,0,0,96,0,0,100,0.12,0.439696865275764,"IO","MBH",-34.06155,114.7753667,20201015,"10:11:00","South-west","No-take","C.IO.8",64,"Hayley","Yes",NA,"National Park Zone",NA
"109","2020-10_south-west_stereo-BRUVs","IO267",30,0,0,10,0,60,0,20,0,40,0,0,100,1.8,1.03279555898864,"IO","MBH",-34.02618897,114.7638721,20201015,"08:11:00","South-west","Fished","C.IO.23",62.5,NA,NA,"No","Special Purpose Zone (Mining Exclusion)",NA
"110","2020-10_south-west_stereo-BRUVs","IO312",38.0952380952381,4.76190476190476,0,19.047619047619,0,85.7142857142857,0,23.8095238095238,0,14.2857142857143,0,10,90,2.2,0.523148363780597,"IO","MBH",-34.05868897,114.7788721,20201015,"10:17:00","South-west","No-take","C.IO.8",61.2,"Hayley","Yes",NA,"National Park Zone",NA
"111","2020-10_south-west_stereo-BRUVs","IO81",0,0,0,69.2307692307692,0,76.9230769230769,0,7.69230769230769,0,23.0769230769231,0,0,100,2,0.707106781186548,"IO","MBH",-34.09868897,114.8913721,20201016,"10:20:00","South-west","No-take","C.IO.52",42,"Hayley","Yes",NA,"National Park Zone",NA
"112","2020-10_south-west_stereo-BRUVs","IO158",0,0,0,10,0,20,0,10,0,80,0,0,100,1.3,0.674948557710553,"IO","MBH",-33.98118897,114.8188721,20201013,"10:21:00","South-west","Fished","C.IO.33",44.6,"Hayley","Yes",NA,"Special Purpose Zone (Mining Exclusion)",NA
"113","2020-10_south-west_stereo-BRUVs","IO207",0,0,0,15.7894736842105,0,42.1052631578947,0,26.3157894736842,0,57.8947368421053,0,0,100,1.63157894736842,0.83069758608784,"IO","MBH",-34.06118897,114.7863721,20201015,"10:23:00","South-west","No-take","C.IO.7",60.4,"Hayley","Yes",NA,"National Park Zone",NA
"114","2020-10_south-west_stereo-BRUVs","IO145",0,8.33333333333333,0,83.3333333333333,0,100,8.33333333333333,0,0,0,0,12.5,87.5,2.54166666666667,0.508977377704051,"IO","MBH",-33.98618897,114.8238721,20201013,"10:24:00","South-west","Fished","C.IO.22",45.5,"Hayley","Yes","Yes","Special Purpose Zone (Mining Exclusion)",NA
"115","2020-10_south-west_stereo-BRUVs","IO91",4.54545454545455,0,4.54545454545455,50,0,86.3636363636364,0,27.2727272727273,0,13.6363636363636,0,0,100,2.18181818181818,0.664498639244989,"IO","MBH",-34.09368897,114.8938721,20201016,"10:25:00","South-west","No-take","C.IO.52",43.5,"Hayley","Yes",NA,"National Park Zone",NA
"116","2020-10_south-west_stereo-BRUVs","IO80",0,0,0,53.8461538461538,0,96.1538461538461,38.4615384615385,3.84615384615385,0,3.84615384615385,0,0,100,2.65384615384615,0.561591146105969,"IO","MBH",-34.09368897,114.8888721,20201016,"10:30:00","South-west","No-take","C.IO.52",41.6,"Hayley","Yes",NA,"National Park Zone",NA
"117","2020-10_south-west_stereo-BRUVs","IO335",7.14285714285714,10.7142857142857,0,46.4285714285714,0,100,14.2857142857143,21.4285714285714,0,0,0,0,100,2.75,0.440958551844098,"IO","MBH",-34.06686667,114.7939833,20201015,"10:31:00","South-west","No-take","C.IO.7",58,"Hayley","Yes",NA,"National Park Zone",NA
"118","2020-10_south-west_stereo-BRUVs","IO204",8,0,0,36,0,60,0,16,0,40,0,0,100,1.64,0.907377172587747,"IO","MBH",-34.06618897,114.7863721,20201015,"10:35:00","South-west","No-take","C.IO.7",61.5,"Hayley","Yes",NA,"National Park Zone",NA
"119","2020-10_south-west_stereo-BRUVs","IO3",18.1818181818182,0,0,40.9090909090909,0,100,0,40.9090909090909,0,0,0,0,100,2.72727272727273,0.455842305838552,"IO","MBH",-34.07618897,114.7838721,20201015,"12:03:00","South-west","No-take","C.IO.43",62,"Hayley","Yes",NA,"National Park Zone",NA
"120","2020-10_south-west_stereo-BRUVs","FH32",12.5,0,0,0,0,25,0,12.5,0,75,0,0,100,0.9375,0.928708781050335,"FH","MBH",-33.69618897,114.9463721,20201017,"08:50:00","South-west","No-take","C.FH.5",42.9,NA,NA,"No",NA,"Injidup Sanctuary Zone"
"121","2020-10_south-west_stereo-BRUVs","IO254",4,0,4,0,0,12,0,4,0,88,0,0,100,1.12,0.665832811847939,"IO","MBH",-34.01868897,114.6963721,20201029,"08:51:00","South-west","Fished","C.IO.49",129,NA,"No","No","Special Purpose Zone (Mining Exclusion)",NA
"122","2020-10_south-west_stereo-BRUVs","IO254",4,0,4,0,0,12,0,4,0,88,0,0,100,1.12,0.665832811847939,"IO","MBH",-34.01868897,114.6963721,20201123,"12:10","South-west","Fished","C.IO.49",119,"Rachel","Yes","Yes","Special Purpose Zone (Mining Exclusion)",NA
"123","2020-10_south-west_stereo-BRUVs","IO239",0,0,0,0,0,0,0,0,0,100,0,0,100,0.0416666666666667,0.204124145231932,"IO","MBH",-34.09118897,114.9313721,20201016,"12:05:00","South-west","No-take","C.IO.1",45.9,"Hayley","Yes",NA,NA,"Cape Freycinet Sanctuary Zone"
"124","2020-10_south-west_stereo-BRUVs","FH36",0,0,0,0,0,0,0,0,0,0,100,0,0,NA,NA,"FH","MBH",-33.69868897,114.9338721,20201017,"08:59:00","South-west","No-take","C.FH.5",44.4,NA,"No","No",NA,"Injidup Sanctuary Zone"
"125","2020-10_south-west_stereo-BRUVs","IO1",0,0,0,44,0,44,0,0,0,56,0,0,100,1.48,1.22882057274445,"IO","MBH",-34.07868897,114.7788721,20201015,"12:07:00","South-west","No-take","C.IO.43",64.6,"Hayley","Yes","Yes","National Park Zone",NA
"126","2020-10_south-west_stereo-BRUVs","IO357",4.54545454545455,4.54545454545455,0,13.6363636363636,0,72.7272727272727,0,50,0,27.2727272727273,0,0,100,2.40909090909091,0.959121170610586,"IO","MBH",-34.08496667,114.928,20201016,"12:08:00","South-west","No-take","C.IO.1",45.9,"Hayley","Yes",NA,"National Park Zone",NA
"127","2020-10_south-west_stereo-BRUVs","IO237",0,0,0,0,0,0,0,0,0,100,0,0,100,0,0,"IO","MBH",-34.08118897,114.9363721,20201016,"12:15:00","South-west","No-take","C.IO.1",43.2,"Hayley","Yes",NA,NA,"Cape Freycinet Sanctuary Zone"
"128","2020-10_south-west_stereo-BRUVs","FH54",0,0,0,100,0,100,0,0,0,0,0,0,100,2,0,"FH","MBH",-33.76618897,114.9388721,20201017,"09:20:00","South-west","Fished","C.FH.9",43.2,NA,NA,"No",NA,NA
"129","2020-10_south-west_stereo-BRUVs","IO73",0,0,0,43.4782608695652,0,100,43.4782608695652,13.0434782608696,0,0,0,0,100,2.47826086956522,0.510753918455249,"IO","MBH",-34.02868897,114.8588721,20201019,"09:22:00","South-west","Fished","C.IO.60",40.4,"Ramesh","Yes","No","Special Purpose Zone (Mining Exclusion)",NA
"130","2020-10_south-west_stereo-BRUVs","IO4",15.3846153846154,0,0,0,0,42.3076923076923,0,26.9230769230769,0,57.6923076923077,0,10,90,1.15384615384615,1.40548376560692,"IO","MBH",-34.09118897,114.7813721,20201015,"12:17:00","South-west","No-take","C.IO.43",65.6,"Hayley","Yes",NA,"National Park Zone",NA
"131","2020-10_south-west_stereo-BRUVs","IO152",0,37.5,0,29.1666666666667,0,83.3333333333334,12.5,4.16666666666667,0,16.6666666666667,0,10,90,2.08333333333333,0.653862548158294,"IO","MBH",-33.98118897,114.8688721,20201013,"12:18:00","South-west","Fished","C.IO.37",41.2,"Hayley","Yes","Yes","Special Purpose Zone (Mining Exclusion)",NA
"132","2020-10_south-west_stereo-BRUVs","IO218",0,0,0,0,0,0,0,0,0,100,0,10,90,0.96,0.2,"IO","MBH",-34.07368897,114.9213721,20201016,"12:28:00","South-west","No-take","C.IO.2",46.8,"Hayley","Yes",NA,"National Park Zone",NA
"133","2020-10_south-west_stereo-BRUVs","IO344",0,0,7.69230769230769,0,0,7.69230769230769,0,0,0,92.3076923076923,0,0,100,0.769230769230769,0.832050294337844,"IO","MBH",-34.0844,114.6744,20201023,"09:28:00","South-west","No-take","C.IO.14",138,NA,NA,"No","National Park Zone",NA
"134","2020-10_south-west_stereo-BRUVs","IO215",0,0,0,0,0,0,0,0,0,100,0,0,100,0,0,"IO","MBH",-34.06868897,114.9263721,20201016,"12:34:00","South-west","No-take","C.IO.2",46.7,"Hayley","Yes",NA,"National Park Zone",NA
"135","2020-10_south-west_stereo-BRUVs","IO125",0,24,0,68,0,100,0,8,0,0,0,0,100,2.44,0.506622805119022,"IO","MBH",-34.10868897,114.8263721,20201015,"12:38:00","South-west","No-take","C.IO.59",55.8,"Hayley","Yes","Yes","National Park Zone",NA
"136","2020-10_south-west_stereo-BRUVs","IO123",0,25,0,60.7142857142857,0,100,10.7142857142857,3.57142857142857,0,0,0,0,100,2.42857142857143,0.50395263067897,"IO","MBH",-34.10618897,114.8188721,20201015,"12:42:00","South-west","No-take","C.IO.59",49.1,"Hayley","Yes","Yes","National Park Zone",NA
"137","2020-10_south-west_stereo-BRUVs","IO132",0,0,0,55,0,100,25,20,0,0,0,0,100,2.45,0.51041778553404,"IO","MBH",-33.99118897,114.8713721,20201013,"12:47:00","South-west","Fished","C.IO.37",42.6,"Hayley","Yes","Yes","Special Purpose Zone (Mining Exclusion)",NA
"138","2020-10_south-west_stereo-BRUVs","IO225",0,8,0,84,0,92,0,0,0,8,0,0,100,1.92,0.276887462097269,"IO","MBH",-34.07118897,114.8338721,20201015,"14:20:00","South-west","No-take","C.IO.4",44.9,"Hayley","Yes",NA,"National Park Zone",NA
"139","2020-10_south-west_stereo-BRUVs","IO223",0,0,0,48.1481481481481,0,48.1481481481481,0,0,0,51.8518518518518,0,0,100,1.37037037037037,0.966681402775979,"IO","MBH",-34.07118897,114.8463721,20201015,"14:25:00","South-west","No-take","C.IO.4",42.9,"Hayley","Yes",NA,"National Park Zone",NA
"140","2020-10_south-west_stereo-BRUVs","IO16",0,0,0,52.6315789473684,0,52.6315789473684,0,0,0,47.3684210526316,0,0,100,1.42105263157895,1.1697953037312,"IO","MBH",-34.07368897,114.8688721,20201016,"09:43:00","South-west","No-take","C.IO.35",41.4,NA,NA,"No","National Park Zone",NA
"141","2020-10_south-west_stereo-BRUVs","IO224",0,27.2727272727273,0,54.5454545454545,0,100,18.1818181818182,0,0,0,0,10,90,2.31818181818182,0.476731294622796,"IO","MBH",-34.06118897,114.8388721,20201015,"14:35:00","South-west","No-take","C.IO.4",43.6,"Hayley","Yes",NA,"National Park Zone",NA
"142","2020-10_south-west_stereo-BRUVs","IO353",0,0,0,100,0,100,0,0,0,0,0,0,100,2.83333333333333,0.380693493813441,"IO","MBH",-34.05436667,114.8390667,20201015,"14:43:00","South-west","No-take","C.IO.5",44.1,"Hayley","Yes",NA,"National Park Zone",NA
"143","2020-10_south-west_stereo-BRUVs","IO201",0,71.4285714285714,0,19.047619047619,0,99.9999999999999,4.76190476190476,4.76190476190476,0,0,0,0,100,1.95238095238095,0.589592272353571,"IO","MBH",-34.05618897,114.8338721,20201015,"14:46:00","South-west","No-take","C.IO.5",45.3,"Hayley","Yes",NA,"National Park Zone",NA
"144","2020-10_south-west_stereo-BRUVs","IO222",0,0,0,85,0,85,0,0,0,15,0,0,100,2.05,0.604805318829299,"IO","MBH",-34.06618897,114.8313721,20201015,"14:54:00","South-west","No-take","C.IO.4",45,"Hayley","Yes",NA,"National Park Zone",NA
"145","2020-10_south-west_stereo-BRUVs","FH25",8,4,0,44,0,88,28,4,0,12,0,12.5,87.5,2.32,0.690410505906933,"FH","MBH",-33.87868897,114.8163721,20201013,"07:34:00","South-west","Fished","C.FH.16",45.4,"Hayley","Yes",NA,"Special Purpose Zone (Mining Exclusion)",NA
"146","2020-10_south-west_stereo-BRUVs","FH42",0,7.40740740740741,0,62.962962962963,0,100,29.6296296296296,0,0,0,0,0,100,2.88888888888889,0.320256307610174,"FH","MBH",-33.88118897,114.8113721,20201013,"07:38:00","South-west","Fished","C.FH.16",45.7,"Hayley","Yes",NA,"Special Purpose Zone (Mining Exclusion)",NA
"147","2020-10_south-west_stereo-BRUVs","FH58",0,0,0,65.2173913043478,0,82.6086956521739,17.3913043478261,0,0,17.3913043478261,0,12.5,87.5,2.17391304347826,0.716822148161496,"FH","MBH",-33.66368897,114.8413721,20201012,"07:47:00","South-west","Fished","C.FH.1",45.1,"Daphne","Yes",NA,"Special Purpose Zone (Mining Exclusion)",NA
"148","2020-10_south-west_stereo-BRUVs","FH9",0,7.40740740740741,0,62.962962962963,0,88.8888888888889,11.1111111111111,7.40740740740741,0,11.1111111111111,0,0,100,2.03703703703704,0.517500017204123,"FH","MBH",-33.90118897,114.8513721,20201013,"07:58:00","South-west","Fished","C.FH.19",43.6,"Hayley","Yes",NA,"Special Purpose Zone (Mining Exclusion)",NA
"149","2020-10_south-west_stereo-BRUVs","FH41",0,12.9032258064516,0,0,0,100,87.0967741935484,0,0,0,0,0,100,2.87096774193548,0.340777100548239,"FH","MBH",-33.67118897,114.8388721,20201012,"08:01:00","South-west","Fished","C.FH.1",44.1,"Claude","Yes",NA,"Special Purpose Zone (Mining Exclusion)",NA
"150","2020-10_south-west_stereo-BRUVs","FH16",0,3.125,0,46.875,0,96.875,46.875,0,0,3.125,0,20,80,2.46875,0.567073699482846,"FH","MBH",-33.90118897,114.8563721,20201013,"08:02:00","South-west","Fished","C.FH.19",43.1,"Hayley","Yes","check calibration","Special Purpose Zone (Mining Exclusion)",NA
"151","2020-10_south-west_stereo-BRUVs","FH51",0,3.125,0,21.875,0,93.75,59.375,9.375,0,6.25,0,0,100,2.71875,0.581120996783997,"FH","MBH",-33.90618897,114.8538721,20201013,"08:06:00","South-west","Fished","C.FH.19",43,"Hayley","Yes",NA,"Special Purpose Zone (Mining Exclusion)",NA
"152","2020-10_south-west_stereo-BRUVs","FH70",0,5.88235294117647,0,58.8235294117647,0,82.3529411764706,0,17.6470588235294,0,17.6470588235294,0,0,100,2,0.612372435695794,"FH","MBH",-33.67368897,114.8463721,20201012,"08:07:00","South-west","Fished","C.FH.1",48.6,"Daphne","Yes",NA,"Special Purpose Zone (Mining Exclusion)",NA
"153","2020-10_south-west_stereo-BRUVs","FH47",0,8.33333333333333,0,62.5,0,100,29.1666666666667,0,0,0,0,0,100,2.45833333333333,0.508977377704051,"FH","MBH",-33.90618897,114.8488721,20201013,"08:09:00","South-west","Fished","C.FH.19",43.5,"Hayley","Yes",NA,"Special Purpose Zone (Mining Exclusion)",NA
"154","2020-10_south-west_stereo-BRUVs","FH63",0,3.7037037037037,0,77.7777777777778,0,88.8888888888889,7.40740740740741,0,0,11.1111111111111,0,0,100,2.48148148148148,0.700020349724556,"FH","MBH",-33.67868897,114.8163721,20201012,"08:20:00","South-west","Fished","C.FH.2",46.3,"Claude","Yes",NA,"Special Purpose Zone (Mining Exclusion)",NA
"155","2020-10_south-west_stereo-BRUVs","FH59",0,20,0,53.3333333333333,0,73.3333333333333,0,0,0,26.6666666666667,0,0,100,1.8,0.560611910581388,"FH","MBH",-33.66868897,114.8188721,20201012,"08:32:00","South-west","Fished","C.FH.2",44.6,"Claude","Yes",NA,"Special Purpose Zone (Mining Exclusion)",NA
"156","2020-10_south-west_stereo-BRUVs","IO336",0,8.33333333333333,0,50,0,100,41.6666666666667,0,0,0,0,0,100,2.41666666666667,0.514928650544437,"IO","MBH",-34.0924,114.8663667,20201016,"10:03:00","South-west","No-take","C.IO.6",43.2,NA,NA,"No","National Park Zone",NA
"157","2020-10_south-west_stereo-BRUVs","FHCO3",0,0,0,30,0,100,65,5,0,0,0,0,100,3,0,"FH","Legacy",-33.948622,114.819555,20201013,"09:56:00","South-west","Fished","C.FH.22",44.5,"Claude","Yes",NA,"Special Purpose Zone (Mining Exclusion)",NA
"158","2020-10_south-west_stereo-BRUVs","FH68",0,0,0,76,0,96,20,0,0,4,0,0,100,2.52,0.585946527708232,"FH","MBH",-33.95118897,114.8288721,20201013,"10:01:00","South-west","Fished","C.FH.22",44.5,"Hayley","Yes",NA,"Special Purpose Zone (Mining Exclusion)",NA
"159","2020-10_south-west_stereo-BRUVs","FH99",0,0,0,84,0,100,0,16,0,0,0,0,100,2.08,0.276887462097269,"FH","MBH",-33.95368897,114.8363721,20201013,"10:04:00","South-west","Fished","C.FH.22",43.5,"Hayley","Yes",NA,"Special Purpose Zone (Mining Exclusion)",NA
"160","2020-10_south-west_stereo-BRUVs","FH89",0,0,0,100,0,100,0,0,0,0,0,0,100,3,0,"FH","MBH",-33.68618897,114.8013721,20201012,"10:34:00","South-west","Fished","C.FH.4",45.7,"Daphne","Yes",NA,"Special Purpose Zone (Mining Exclusion)",NA
"161","2020-10_south-west_stereo-BRUVs","FH45",0,4.34782608695652,0,47.8260869565217,0,91.3043478260869,39.1304347826087,0,0,8.69565217391304,0,0,100,2.60869565217391,0.656376446504361,"FH","MBH",-33.69368897,114.7988721,20201012,"10:39:00","South-west","Fished","C.FH.4",47.6,"Claude","Yes",NA,"Special Purpose Zone (Mining Exclusion)",NA
"162","2020-10_south-west_stereo-BRUVs","FH69",0,15,0,40,0,100,30,15,0,0,0,0,100,2.45,0.51041778553404,"FH","MBH",-33.69618897,114.8038721,20201012,"10:43:00","South-west","Fished","C.FH.4",46.9,"Ramesh","Yes",NA,"Special Purpose Zone (Mining Exclusion)",NA
"163","2020-10_south-west_stereo-BRUVs","FH65",0,14.2857142857143,0,78.5714285714286,0,100,7.14285714285714,0,0,0,0,0,100,2.35714285714286,0.497245158098847,"FH","MBH",-33.71368897,114.8188721,20201012,"10:59:00","South-west","Fished","C.FH.6",45.7,"Daphne","Yes",NA,"Special Purpose Zone (Mining Exclusion)",NA
"164","2020-10_south-west_stereo-BRUVs","FH10",0,20.8333333333333,0,37.5,0,100,41.6666666666667,0,0,0,0,0,100,2.54166666666667,0.508977377704051,"FH","MBH",-33.98618897,114.8863721,20201013,"12:32:00","South-west","Fished","C.FH.24",42.9,"Hayley","Yes","Yes - 24 of 47 coris measured","Special Purpose Zone (Mining Exclusion)",NA
"165","2020-10_south-west_stereo-BRUVs","FH52",0,55.5555555555556,0,0,0,100,40.7407407407407,3.7037037037037,0,0,0,0,100,2.22222222222222,0.751067616198811,"FH","MBH",-33.99118897,114.8888721,20201013,"12:36:00","South-west","Fished","C.FH.24",42.1,"Hayley","Yes",NA,"Special Purpose Zone (Mining Exclusion)",NA
"166","2020-10_south-west_stereo-BRUVs","FH74",0,0,0,29.6296296296296,0,92.5925925925926,59.2592592592593,3.7037037037037,0,7.40740740740741,0,12.5,87.5,2.74074074074074,0.594370552161152,"FH","MBH",-33.73118897,114.8063721,20201012,"12:47:00","South-west","Fished","C.FH.7",44.9,"Daphne","Yes",NA,"Special Purpose Zone (Mining Exclusion)",NA
"167","2020-10_south-west_stereo-BRUVs","FH57",0,3.7037037037037,0,22.2222222222222,0,66.6666666666666,29.6296296296296,11.1111111111111,0,33.3333333333333,0,0,100,2.18518518518519,0.921413505980268,"FH","MBH",-33.78868897,114.8113721,20201012,"13:12:00","South-west","Fished","C.FH.12",45.8,"Claude","Yes",NA,"Special Purpose Zone (Mining Exclusion)",NA
"168","2020-10_south-west_stereo-BRUVs","FH106",0,8.69565217391304,0,86.9565217391304,0,95.6521739130434,0,0,0,4.34782608695652,0,0,100,2.17391304347826,0.576208131040061,"FH","MBH",-33.78868897,114.8163721,20201012,"13:16:00","South-west","Fished","C.FH.12",47.1,"Hayley","Yes",NA,"Special Purpose Zone (Mining Exclusion)",NA
"169","2020-10_south-west_stereo-BRUVs","IO157",0,0,0,90,0,100,0,10,0,0,0,0,100,2.7,0.483045891539648,"IO","MBH",-33.97118897,114.8238721,20201013,"10:14:00","South-west","Fished","C.IO.33",45.6,NA,NA,"No","Special Purpose Zone (Mining Exclusion)",NA
"170","2020-10_south-west_stereo-BRUVs","FH48",0,10,0,5,0,100,55,30,0,0,0,0,100,2.7,0.470162345981627,"FH","MBH",-33.79618897,114.8138721,20201012,"13:23:00","South-west","Fished","C.FH.12",48.5,"Claude","Yes",NA,"Special Purpose Zone (Mining Exclusion)",NA
"171","2020-10_south-west_stereo-BRUVs","FH60",4.16666666666667,8.33333333333333,0,16.6666666666667,0,79.1666666666667,16.6666666666667,33.3333333333333,0,20.8333333333333,0,0,100,2.20833333333333,0.779027636204913,"FH","MBH",-33.81618897,114.8213721,20201012,"15:14:00","South-west","Fished","C.FH.13",44.5,"Claude","Yes",NA,"Special Purpose Zone (Mining Exclusion)",NA
"172","2020-10_south-west_stereo-BRUVs","FH96",0,16.6666666666667,0,33.3333333333333,0,91.6666666666667,25,16.6666666666667,0,8.33333333333333,0,0,100,2.41666666666667,0.653862548158294,"FH","MBH",-33.81868897,114.8338721,20201012,"15:20:00","South-west","Fished","C.FH.13",44.9,"Daphne","Yes",NA,"Special Purpose Zone (Mining Exclusion)",NA
"173","2020-10_south-west_stereo-BRUVs","FH56",0,0,0,7.69230769230769,0,100,88.4615384615385,3.84615384615385,0,0,0,0,100,2.88461538461538,0.325812593608421,"FH","MBH",-33.83118897,114.8663721,20201012,"15:31:00","South-west","Fished","C.FH.14",43.5,"Claude","Yes",NA,"Special Purpose Zone (Mining Exclusion)",NA
"174","2020-10_south-west_stereo-BRUVs","FH61",0,3.7037037037037,0,33.3333333333333,0,100,62.962962962963,0,0,0,0,0,100,2.85185185185185,0.362013992898246,"FH","MBH",-33.84118897,114.8638721,20201012,"15:43:00","South-west","Fished","C.FH.14",43.9,"Claude","Yes",NA,"Special Purpose Zone (Mining Exclusion)",NA
"175","2020-10_south-west_stereo-BRUVs","IO241",0,0,0,80,0,100,0,20,0,0,0,2.5,97.5,2.96,0.2,"IO","MBH",-33.99368897,114.7913721,20201019,"06:26:00","South-west","Fished","C.IO.42",50.6,"Ramesh","Yes",NA,"Special Purpose Zone (Mining Exclusion)",NA
"176","2020-10_south-west_stereo-BRUVs","IO229",0,18.5185185185185,0,55.5555555555556,0,96.2962962962963,0,22.2222222222222,0,3.7037037037037,0,0,100,2.7037037037037,0.608580619450185,"IO","MBH",-33.99368897,114.7863721,20201019,"06:31:00","South-west","Fished","C.IO.42",53,"Ramesh","Yes",NA,"Special Purpose Zone (Mining Exclusion)",NA
"177","2020-10_south-west_stereo-BRUVs","IO227",0,0,0,62.5,0,75,0,12.5,0,25,0,0,100,2.29166666666667,0.806450444131925,"IO","MBH",-33.99868897,114.7838721,20201019,"06:37:00","South-west","Fished","C.IO.42",52.9,"Ramesh","Yes",NA,"Special Purpose Zone (Mining Exclusion)",NA
"178","2020-10_south-west_stereo-BRUVs","IO72",0,0,0,96,0,100,4,0,0,0,0,0,100,2.48,0.509901951359279,"IO","MBH",-34.03618897,114.8463721,20201019,"09:05:00","South-west","Fished","C.IO.60",43.6,"Ramesh","Yes",NA,"Special Purpose Zone (Mining Exclusion)",NA
"179","2020-10_south-west_stereo-BRUVs","IO262",0,0,0,100,0,100,0,0,0,0,0,0,100,2.3,0.470162345981627,"IO","MBH",-34.01368897,114.8738721,20201019,"09:46:00","South-west","Fished","C.IO.19",41.9,"Rachel","Yes",NA,"Special Purpose Zone (Mining Exclusion)",NA
"180","2020-10_south-west_stereo-BRUVs","IO65",0,28,0,32,0,60,0,0,0,40,0,0,100,1.56,0.711805216802087,"IO","MBH",-34.01118897,114.8888721,20201019,"11:20:00","South-west","Fished","C.IO.53",43,"Ramesh","Yes",NA,"Special Purpose Zone (Mining Exclusion)",NA
"181","2020-10_south-west_stereo-BRUVs","IO64",0,0,0,90,0,95,0,5,0,5,0,0,100,2,0.324442842261525,"IO","MBH",-34.01368897,114.8963721,20201019,"11:26:00","South-west","Fished","C.IO.47",43.3,"Ramesh","Yes",NA,"Special Purpose Zone (Mining Exclusion)",NA
"182","2020-10_south-west_stereo-BRUVs","IO245",0,20,0,33.3333333333333,0,100,40,6.66666666666667,0,0,50,0,50,2.53333333333333,0.516397779494322,"IO","MBH",-34.00868897,114.9013721,20201019,"11:30:00","South-west","Fished","C.IO.47",42.3,"Ramesh","Yes",NA,"Special Purpose Zone (Mining Exclusion)",NA
"183","2020-10_south-west_stereo-BRUVs","IO261",10.5263157894737,0,0,0,0,94.7368421052631,5.26315789473684,78.9473684210526,0,5.26315789473684,0,7.5,92.5,2.63157894736842,0.83069758608784,"IO","MBH",-33.97618897,114.9213721,20201019,"11:46:00","South-west","Fished","C.IO.20",46.9,"Ramesh","Yes",NA,NA,NA
"184","2020-10_south-west_stereo-BRUVs","IO258",31.5789473684211,0,0,26.3157894736842,0,100,0,42.1052631578947,0,0,0,0,100,3,0,"IO","MBH",-33.96618897,114.9138721,20201019,"12:05:00","South-west","Fished","C.IO.20",45.2,"Ramesh","Yes",NA,NA,NA
"185","2020-10_south-west_stereo-BRUVs","IO206",60,0,0,0,0,70,0,10,0,30,0,0,100,1.8,0.632455532033676,"IO","MBH",-34.06368897,114.7913721,20201015,"10:28:00","South-west","No-take","C.IO.7",58.2,NA,NA,"No","National Park Zone",NA
"186","2020-10_south-west_stereo-BRUVs","IO46",0,0,0,0,0,0,0,0,0,100,0,0,100,0.05,0.223606797749979,"IO","MBH",-34.06868897,114.7113721,20201023,"06:44:00","South-west","No-take","C.IO.34",129,"Rachel","Yes","Yes","National Park Zone",NA
"187","2020-10_south-west_stereo-BRUVs","IO47",0,0,0,0,0,0,0,0,0,100,0,0,100,0.25,0.444261658319319,"IO","MBH",-34.06368897,114.7113721,20201023,"06:53:00","South-west","No-take","C.IO.34",127,"Rachel","Yes","Yes","National Park Zone",NA
"188","2020-10_south-west_stereo-BRUVs","IO290",0,0,4.34782608695652,0,0,8.69565217391304,0,4.34782608695652,0,91.304347826087,0,12.5,87.5,0.956521739130435,0.638055345958271,"IO","MBH",-34.06868897,114.7188721,20201023,"07:07:00","South-west","No-take","C.IO.13",124,"Rachel","Yes","Yes","National Park Zone",NA
"189","2020-10_south-west_stereo-BRUVs","IO302",0,0,0,0,0,0,0,0,0,100,0,0,100,0,0,"IO","MBH",-34.07118897,114.7238721,20201023,"07:13:00","South-west","No-take","C.IO.13",122,"Rachel","Yes","Yes","National Park Zone",NA
"190","2020-10_south-west_stereo-BRUVs","IO113",0,0,0,0,0,0,0,0,0,100,0,0,100,0,0,"IO","MBH",-34.05868897,114.7388721,20201023,"07:30:00","South-west","No-take","C.IO.31",111,"Rachel","Yes","Yes","National Park Zone",NA
"191","2020-10_south-west_stereo-BRUVs","IO115",0,0,4.34782608695652,0,0,4.34782608695652,0,0,0,95.6521739130435,0,0,100,0.347826086956522,0.714059817469728,"IO","MBH",-34.05368897,114.7363721,20201023,"07:34:00","South-west","No-take","C.IO.31",112,"Rachel","Yes","Yes","National Park Zone",NA
"192","2020-10_south-west_stereo-BRUVs","IO280",0,0,0,0,0,0,0,0,0,100,0,0,100,0.454545454545455,0.509647191437625,"IO","MBH",-34.08868897,114.6738721,20201023,"09:24:00","South-west","No-take","C.IO.14",139,"Rachel","Yes","Yes","National Park Zone",NA
"193","2020-10_south-west_stereo-BRUVs","IO105",0,0,4.34782608695652,0,0,4.34782608695652,0,0,0,95.6521739130435,0,0,100,0.782608695652174,0.59973643750101,"IO","MBH",-34.06368897,114.6688721,20201023,"09:45:00","South-west","No-take","C.IO.30",139,"Rachel","Yes","Yes","National Park Zone",NA
"194","2020-10_south-west_stereo-BRUVs","IO107",0,0,0,0,0,4.54545454545455,0,4.54545454545455,0,95.4545454545455,0,12.5,87.5,0.590909090909091,0.734139659030241,"IO","MBH",-34.06368897,114.6763721,20201023,"09:50:00","South-west","No-take","C.IO.30",137,"Rachel","Yes","Yes","National Park Zone",NA
"195","2020-10_south-west_stereo-BRUVs","IO108",0,0,0,0,0,0,0,0,0,100,0,0,100,0.3,0.470162345981627,"IO","MBH",-34.05118897,114.6688721,20201023,"10:04:00","South-west","No-take","C.IO.30",138,"Rachel","Yes","Yes","National Park Zone",NA
"196","2020-10_south-west_stereo-BRUVs","IO101",0,0,0,92,0,100,0,8,0,0,0,0,100,2.16,0.374165738677394,"IO","MBH",-34.07868897,114.8963721,20201029,"10:10:00","South-west","No-take","C.IO.39",43.5,"Rachel","Yes","come back with different CAL","National Park Zone",NA
"197","2020-10_south-west_stereo-BRUVs","IO102",0,0,0,14.2857142857143,0,100,67.8571428571429,17.8571428571429,0,0,0,0,100,2.92857142857143,0.262265264156481,"IO","MBH",-34.07118897,114.9113721,20201029,"10:26:00","South-west","No-take","C.IO.2",45.2,"Rachel","Yes","Yes","National Park Zone",NA
"198","2020-10_south-west_stereo-BRUVs","IO216",0,11.5384615384615,0,50,0,92.3076923076923,0,30.7692307692308,0,7.69230769230769,0,12.5,87.5,2.34615384615385,0.628796163621102,"IO","MBH",-34.06118897,114.9163721,20201029,"10:33:00","South-west","No-take","C.IO.3",47.5,"Rachel","Yes","Yes","National Park Zone",NA
"199","2020-10_south-west_stereo-BRUVs","IO355",0,8.33333333333333,0,54.1666666666667,0,70.8333333333334,0,8.33333333333333,0,29.1666666666667,0,0,100,1.70833333333333,0.750603621828092,"IO","MBH",-34.05473333,114.9111,20201029,"10:38:00","South-west","No-take","C.IO.3",45,"Rachel","Yes","Yes","National Park Zone",NA
"200","2020-10_south-west_stereo-BRUVs","IO211",0,0,0,11.1111111111111,0,100,85.1851851851852,3.7037037037037,0,0,0,0,100,2.88888888888889,0.320256307610174,"IO","MBH",-34.05618897,114.9063721,20201029,"10:42:00","South-west","No-take","C.IO.3",43.5,"Rachel","Yes","Yes","National Park Zone",NA
"201","2020-10_south-west_stereo-BRUVs","IOC05",0,0,0,95.2380952380952,0,95.2380952380952,0,0,0,4.76190476190476,0,0,100,1.95238095238095,0.218217890235992,"IO","Legacy",-34.05394,114.899843,20201029,"10:46:00","South-west","No-take","C.IO.3",43.2,"Rachel","Yes","Yes","National Park Zone",NA
"202","2020-10_south-west_stereo-BRUVs","FH33",0,18.1818181818182,0,81.8181818181818,0,100,0,0,0,0,0,15,85,1.90909090909091,0.539359889970594,"FH","MBH",-33.70868897,114.8263721,20201012,"10:54:00","South-west","Fished","C.FH.6",42.3,NA,NA,"No","Special Purpose Zone (Mining Exclusion)",NA
"203","2020-10_south-west_stereo-BRUVs","IO378",0,0,0,0,0,0,0,0,0,100,0,12.5,87.5,0.636363636363636,0.492365963917331,"IO","MBH",-33.99368897,114.6388721,20201023,"12:04:00","South-west","Fished","C.IO.26",141,"Rachel","Yes","Yes","Special Purpose Zone (Mining Exclusion)",NA
"204","2020-10_south-west_stereo-BRUVs","IO370",3.84615384615385,0,0,0,0,23.0769230769231,0,19.2307692307692,0,76.9230769230769,0,0,100,0.923076923076923,1.16354894776548,"IO","MBH",-33.99618897,114.6463721,20201023,"12:10:00","South-west","Fished","C.IO.26",141,"Rachel","Yes","Yes","Special Purpose Zone (Mining Exclusion)",NA
"205","2020-10_south-west_stereo-BRUVs","IO297",0,0,0,0,0,0,0,0,0,100,0,0,100,0,0,"IO","MBH",-34.10618897,114.7488721,20201022,"12:21:00","South-west","No-take","C.IO.11",114,"Rachel","Yes","Yes","National Park Zone",NA
"206","2020-10_south-west_stereo-BRUVs","IO295",0,0,0,0,0,0,0,0,0,100,0,0,100,0,0,"IO","MBH",-34.10368897,114.7538721,20201022,"12:25:00","South-west","No-take","C.IO.11",109,"Rachel","Yes","Yes but check cal, accepted errors","National Park Zone",NA
"207","2020-10_south-west_stereo-BRUVs","IO192",0,0,0,0,0,0,0,0,0,100,0,0,100,0.227272727272727,0.611930449037204,"IO","MBH",-33.98618897,114.6688721,20201023,"12:36:00","South-west","Fished","C.IO.40",138,"Rachel","Yes","Yes","Special Purpose Zone (Mining Exclusion)",NA
"208","2020-10_south-west_stereo-BRUVs","FH62",0,0,0,50,0,100,20,30,0,0,0,0,100,2.5,0.52704627669473,"FH","MBH",-33.75618897,114.8813721,20201017,"11:17:00","South-west","Fished","C.FH.8",45.1,NA,NA,"No","Special Purpose Zone (Mining Exclusion)",NA
"209","2020-10_south-west_stereo-BRUVs","FH87",0,4.16666666666667,0,33.3333333333333,0,70.8333333333333,25,8.33333333333333,0,29.1666666666667,0,0,100,2.08333333333333,0.829702233998107,"FH","MBH",-33.92868897,114.8938721,20201029,"12:36:00","South-west","Fished","C.FH.21",43.8,"Rachel","Yes","Yes","Special Purpose Zone (Mining Exclusion)",NA
"210","2020-10_south-west_stereo-BRUVs","FH14",0,0,0,66.6666666666667,0,66.6666666666667,0,0,0,33.3333333333333,0,40,60,1.83333333333333,0.717740562565273,"FH","MBH",-33.76618897,114.8713721,20201017,"11:24:00","South-west","Fished","C.FH.10",44.4,NA,NA,"No","Special Purpose Zone (Mining Exclusion)",NA
"211","2020-10_south-west_stereo-BRUVs","FH12",0,0,0,85,0,100,15,0,0,0,0,25,75,2.15,0.366347548532523,"FH","MBH",-33.91868897,114.8963721,20201029,"12:46:00","South-west","Fished","C.FH.21",46.1,"Rachel","Yes","Yes","Special Purpose Zone (Mining Exclusion)",NA
"212","2020-10_south-west_stereo-BRUVs","FH55",0,0,0,0,0,11.1111111111111,0,11.1111111111111,0,88.8888888888889,0,0,100,0.703703703703704,0.868899162725891,"FH","MBH",-33.92368897,114.9088721,20201029,"12:52:00","South-west","Fished","C.FH.20",44.9,"Rachel","Yes","Yes","Special Purpose Zone (Mining Exclusion)",NA
"213","2020-10_south-west_stereo-BRUVs","IO293",7.69230769230769,0,7.69230769230769,0,7.69230769230769,23.0769230769231,0,0,0,76.9230769230769,0,0,100,0.615384615384615,1.1688258408137,"IO","MBH",-34.08868897,114.7588721,20201022,"12:55:00","South-west","No-take","C.IO.12",111,"Claude","Yes","leave til last","National Park Zone",NA
"214","2020-10_south-west_stereo-BRUVs","IO330",7.14285714285714,0,32.1428571428571,0,35.7142857142857,82.1428571428571,0,7.14285714285714,0,17.8571428571429,0,12.5,87.5,2.14285714285714,0.705233647349938,"IO","MBH",-34.08833333,114.7545,20201022,"13:00:00","South-west","No-take","C.IO.12",116,"Rachel","Yes","Yes","National Park Zone",NA
"215","2020-10_south-west_stereo-BRUVs","FH109",0,25,0,10,0,95,45,15,0,5,0,0,100,2.6,0.598243041616119,"FH","MBH",-33.91618897,114.9088721,20201029,"13:04:00","South-west","Fished","C.FH.20",45.9,"Rachel","Yes","come back with different CAL","Special Purpose Zone (Mining Exclusion)",NA
"216","2020-10_south-west_stereo-BRUVs","IO291",0,0,0,0,0,0,0,0,0,100,0,0,100,0,0,"IO","MBH",-34.08368897,114.7488721,20201022,"13:09:00","South-west","No-take","C.IO.12",109,"Rachel","Yes","Yes","National Park Zone",NA
"217","2020-10_south-west_stereo-BRUVs","IOC04",0,0,0,0,0,0,0,0,0,100,0,0,100,0.0857142857142857,0.284028640998691,"IO","Legacy",-34.08755,114.749265,20201022,"13:16:00","South-west","No-take","C.IO.12",109,"Rachel","Yes","Yes","National Park Zone",NA
"218","2020-10_south-west_stereo-BRUVs","FH94",0,0,0,32,0,60,16,12,0,40,0,0,100,1.76,1.09087121146357,"FH","MBH",-33.90868897,114.9413721,20201029,"14:36:00","South-west","Fished","C.FH.18",41.9,"Rachel","Yes","Yes",NA,NA
"219","2020-10_south-west_stereo-BRUVs","FH11",0,0,0,16,0,48,0,32,0,52,0,0,100,1.52,1.35769412362775,"FH","MBH",-33.89868897,114.9388721,20201029,"14:48:00","South-west","Fished","C.FH.18",42.3,"Rachel","Yes","Yes",NA,NA
"220","2020-10_south-west_stereo-BRUVs","FH78",0,15.7894736842105,0,0,0,15.7894736842105,0,0,0,84.2105263157895,0,12.5,87.5,0.842105263157895,0.374634324632678,"FH","MBH",-33.89118897,114.9163721,20201029,"14:56:00","South-west","Fished","C.FH.17",45.8,"Rachel","Yes","Yes","Special Purpose Zone (Mining Exclusion)",NA
"221","2020-10_south-west_stereo-BRUVs","IO372",0,0,0,0,0,30.7692307692308,0,30.7692307692308,0,69.2307692307692,0,0,100,1.38461538461538,1.38675049056307,"IO","MBH",-34.00618897,114.6438721,20201023,"11:53:00","South-west","Fished","C.IO.26",140,NA,NA,"No","Special Purpose Zone (Mining Exclusion)",NA
"222","2020-10_south-west_stereo-BRUVs","FH67",0,0,0,0,0,0,0,0,0,100,0,0,100,1,0,"FH","MBH",-33.88868897,114.9238721,20201029,"15:00:00","South-west","Fished","C.FH.17",46.1,"Rachel","Yes","Yes",NA,NA
"223","2020-10_south-west_stereo-BRUVs","FH72",0,0,0,15,0,100,0,85,0,0,0,0,100,2.9,0.307793505625546,"FH","MBH",-33.88868897,114.9288721,20201029,"15:06:00","South-west","Fished","C.FH.17",44.1,"Rachel","Yes","Yes",NA,NA
"224","2020-10_south-west_stereo-BRUVs","FH35",0,0,0,0,0,0,0,0,0,100,0,0,100,0.5,0.516397779494322,"FH","MBH",-33.88368897,114.9313721,20201029,"15:09:00","South-west","Fished","C.FH.17",45.2,"Rachel","Yes","Yes",NA,NA
"225","2020-10_south-west_stereo-BRUVs","FH82",4.16666666666667,0,0,33.3333333333333,0,45.8333333333333,0,8.33333333333333,0,54.1666666666667,0,7.5,92.5,1.58333333333333,0.717281502356772,"FH","MBH",-33.68618897,114.9238721,20201017,"06:46:00","South-west","No-take","C.FH.3",44.8,"Daphne","Yes",NA,NA,"Injidup Sanctuary Zone"
"226","2020-10_south-west_stereo-BRUVs","IO228",0,20,0,36,0,100,8,32,4,0,0,0,100,2.44,0.506622805119022,"IO","MBH",-34.00368897,114.7938721,20201019,"06:46:00","South-west","Fished","C.IO.42",50.4,"Rachel","Yes",NA,"Special Purpose Zone (Mining Exclusion)",NA
"227","2020-10_south-west_stereo-BRUVs","FH50",0,0,0,0,0,0,0,0,0,100,0,0,100,0,0,"FH","MBH",-33.68118897,114.9313721,20201017,"06:51:00","South-west","No-take","C.FH.3",44.6,"Daphne","Yes",NA,NA,"Injidup Sanctuary Zone"
"228","2020-10_south-west_stereo-BRUVs","IO379",0,0,0,0,0,4.76190476190476,0,4.76190476190476,0,95.2380952380952,0,0,100,0.285714285714286,0.560611910581388,"IO","MBH",-34.08368897,114.6813721,20201123,"06:58","South-west","No-take","C.IO.14",138,"Rachel","Yes","Yes","National Park Zone",NA
"229","2020-10_south-west_stereo-BRUVs","IO49",0,0,0,0,0,0,0,0,0,100,0,0,100,0.4,0.502624689950035,"IO","MBH",-34.06118897,114.7063721,20201023,"06:59:00","South-west","No-take","C.IO.34",129,"Rachel","Yes",NA,"National Park Zone",NA
"230","2020-10_south-west_stereo-BRUVs","FHC",0,0,0,100,0,100,0,0,0,0,0,0,100,3,0,"FH","Legacy",-33.680718,114.965092,20201017,"07:07:00","South-west","No-take","C.FH.A",36.2,"Daphne","Yes",NA,NA,"Injidup Sanctuary Zone"
"231","2020-10_south-west_stereo-BRUVs","IO273",0,0,0,80,0,100,20,0,0,0,0,0,100,2.5,0.52704627669473,"IO","MBH",-33.99868897,114.8213721,20201019,"07:07:00","South-west","Fished","C.IO.22",44.9,"Rachel","Yes",NA,"Special Purpose Zone (Mining Exclusion)",NA
"232","2020-10_south-west_stereo-BRUVs","IO328",0,0,0,83.3333333333333,0,100,16.6666666666667,0,0,0,0,7.5,92.5,2.875,0.337831962346088,"IO","MBH",-33.99356667,114.8213667,20201019,"07:13:00","South-west","Fished","C.IO.22",43.8,"Rachel","Yes",NA,"Special Purpose Zone (Mining Exclusion)",NA
"233","2020-10_south-west_stereo-BRUVs","IO329",0,0,0,0,0,0,0,0,0,100,0,0,100,0,0,"IO","MBH",-34.06481667,114.7266333,20201023,"07:18:00","South-west","No-take","C.IO.13",121,"Rachel","Yes",NA,"National Park Zone",NA
"234","2020-10_south-west_stereo-BRUVs","IO117",0,0,0,0,0,0,0,0,0,100,0,7.5,92.5,0,0,"IO","MBH",-34.06368897,114.7388721,20201023,"07:25:00","South-west","No-take","C.IO.31",115,"Rachel","Yes",NA,"National Park Zone",NA
"235","2020-10_south-west_stereo-BRUVs","IO363",6.66666666666667,0,0,13.3333333333333,13.3333333333333,93.3333333333333,0,60,0,6.66666666666667,0,0,100,2.9,0.959525744924238,"IO","MBH",-33.98618897,114.7513721,20201015,"07:26:00","South-west","Fished","C.IO.25",66.2,"Brooke Gibbons","Yes",NA,"Special Purpose Zone (Mining Exclusion)",NA
"236","2020-10_south-west_stereo-BRUVs","FH71",0,0,0,68.75,0,90.625,18.75,3.125,0,9.375,0,0,100,2.71875,0.634206387491867,"FH","MBH",-33.88368897,114.8188721,20201013,"07:30:00","South-west","Fished","C.FH.16",45.3,"Daphne","Yes","Yes","Special Purpose Zone (Mining Exclusion)",NA
"237","2020-10_south-west_stereo-BRUVs","IO59",0,0,0,0,0,0,0,0,0,100,0,15,85,0.181818181818182,0.404519917477945,"IO","MBH",-34.14118897,114.7663721,20201022,"07:33:00","South-west","No-take","C.IO.69",109,"Rachel","Yes",NA,"National Park Zone",NA
"238","2020-10_south-west_stereo-BRUVs","IO276",0,0,0,0,0,5,0,5,0,95,0,10,90,1,0.561951486949016,"IO","MBH",-34.10118897,114.6363721,20201123,"07:34","South-west","No-take","C.IO.15",140,"Rachel","Yes","Yes","National Park Zone",NA
"239","2020-10_south-west_stereo-BRUVs","IO153",14.8148148148148,3.7037037037037,0,62.962962962963,0,92.5925925925926,0,11.1111111111111,0,7.40740740740741,0,0,100,2.03703703703704,0.436901809201096,"IO","MBH",-34.04618897,114.8888721,20201016,"07:36:00","South-west","Fished","C.IO.65",42.6,"Brooke Gibbons","Yes",NA,"Special Purpose Zone (Mining Exclusion)",NA
"240","2020-10_south-west_stereo-BRUVs","IO377",0,0,0,0,0,0,0,0,0,100,0,0,100,0,0,"IO","MBH",-34.13868897,114.7588721,20201022,"07:40:00","South-west","No-take","C.IO.69",113,"Rachel","Yes",NA,"National Park Zone",NA
"241","2020-10_south-west_stereo-BRUVs","FH79",0,10.7142857142857,0,28.5714285714286,0,100,60.7142857142857,0,0,0,0,7.5,92.5,2.85714285714286,0.356348322549899,"FH","MBH",-33.88618897,114.8088721,20201013,"07:43:00","South-west","Fished","C.FH.16",44.9,"Daphne","Yes","Yes","Special Purpose Zone (Mining Exclusion)",NA
"242","2020-10_south-west_stereo-BRUVs","FH24",0,0,0,60,0,60,0,0,0,40,0,7.5,92.5,1.6,0.502624689950035,"FH","MBH",-33.66868897,114.8438721,20201012,"07:55:00","South-west","Fished","C.FH.1",47.6,"Daphne - THIS NEEDS TO BE ANALYSED AGAIN AS 42 WAS ANALYSED TWICE NOT 24!!!!!!",NA,NA,"Special Purpose Zone (Mining Exclusion)",NA
"243","2020-10_south-west_stereo-BRUVs","IO130",0,0,0,0,0,0,0,0,0,0,0,NA,NA,NA,NA,"IO","MBH",-33.98118897,114.8763721,20201013,"12:24:00","South-west","Fished","C.IO.37",41.1,NA,NA,"No","Special Purpose Zone (Mining Exclusion)",NA
"244","2020-10_south-west_stereo-BRUVs","IO15",4.16666666666667,4.16666666666667,0,12.5,0,100,75,4.16666666666667,0,0,0,0,100,2.83333333333333,0.380693493813441,"IO","MBH",-34.06118897,114.8663721,20201016,"07:59:00","South-west","No-take","C.IO.35",40.8,"Brooke Gibbons","Yes",NA,"National Park Zone",NA
"245","2020-10_south-west_stereo-BRUVs","IO34",0,0,0,56.5217391304348,0,100,43.4782608695652,0,0,0,0,5,95,2.65217391304348,0.486984753557674,"IO","MBH",-34.06118897,114.8713721,20201016,"08:02:00","South-west","No-take","C.IO.35",41.3,"Brooke Gibbons","Yes",NA,"National Park Zone",NA
"246","2020-10_south-west_stereo-BRUVs","IO326",0,0,0,0,0,9.09090909090909,0,9.09090909090909,0,90.9090909090909,0,0,100,1.18181818181818,0.603022689155527,"IO","MBH",-34.00425,114.6892833,20201123,"12:26","South-west","Fished","C.IO.24",121,NA,NA,"No","Special Purpose Zone (Mining Exclusion)",NA
"247","2020-10_south-west_stereo-BRUVs","IO96",0,0,0,0,0,0,0,0,0,100,0,0,100,0.16,0.374165738677394,"IO","MBH",-34.13618897,114.7363721,20201022,"08:06:00","South-west","No-take","C.IO.68",127,"Brooke Gibbons","Yes",NA,"National Park Zone",NA
"248","2020-10_south-west_stereo-BRUVs","FH83",0,0,0,73.9130434782609,0,73.9130434782609,0,0,0,26.0869565217391,0,0,100,1.78260869565217,0.671262158456362,"FH","MBH",-33.91118897,114.8463721,20201013,"08:13:00","South-west","Fished","C.FH.19",40.9,"Daphne","Yes",NA,"Special Purpose Zone (Mining Exclusion)",NA
"249","2020-10_south-west_stereo-BRUVs","IO365",55,0,5,0,0,100,0,40,0,0,0,7.5,92.5,2.35,0.489360484929593,"IO","MBH",-34.02368897,114.7538721,20201015,"08:23:00","South-west","Fished","C.IO.23",73.7,"Brooke Gibbons","Yes",NA,"Special Purpose Zone (Mining Exclusion)",NA
"250","2020-10_south-west_stereo-BRUVs","FHCO1",0,0,0,95.4545454545455,0,100,0,4.54545454545455,0,0,0,5,95,2.59090909090909,0.503236279740196,"FH","Legacy",-33.669869,114.809825,20201012,"08:38:00","South-west","Fished","C.FH.2",44.8,"Daphne","Yes",NA,"Special Purpose Zone (Mining Exclusion)",NA
"251","2020-10_south-west_stereo-BRUVs","IO189",0,0,0,0,0,9.09090909090909,0,9.09090909090909,0,90.9090909090909,0,0,100,0.454545454545455,0.934198732993827,"IO","MBH",-33.98868897,114.6638721,20201023,"12:31:00","South-west","Fished","C.IO.40",139,NA,NA,"No","Special Purpose Zone (Mining Exclusion)",NA
"252","2020-10_south-west_stereo-BRUVs","FH64",0,0,0,0,0,0,0,0,0,100,0,0,100,0,0,"FH","MBH",-33.70118897,114.9388721,20201017,"08:56:00","South-west","No-take","C.FH.5",44.2,"Daphne","Yes",NA,NA,"Injidup Sanctuary Zone"
"253","2020-10_south-west_stereo-BRUVs","IO75",0,4.16666666666667,0,37.5,0,100,50,4.16666666666667,4.16666666666667,0,0,5,95,2.54166666666667,0.508977377704051,"IO","MBH",-34.03368897,114.8538721,20201019,"09:10:00","South-west","Fished","C.IO.60",42.2,"Rachel","Yes",NA,"Special Purpose Zone (Mining Exclusion)",NA
"254","2020-10_south-west_stereo-BRUVs","IO74",0,0,0,24,0,100,76,0,0,0,0,0,100,2.8,0.408248290463863,"IO","MBH",-34.02868897,114.8513721,20201019,"09:14:00","South-west","Fished","C.IO.60",42.2,"Rachel","Yes",NA,"Special Purpose Zone (Mining Exclusion)",NA
"255","2020-10_south-west_stereo-BRUVs","FH28",0,0,0,0,0,4,0,4,0,96,0,0,100,0.76,0.66332495807108,"FH","MBH",-33.76368897,114.9338721,20201017,"09:24:00","South-west","Fished","C.FH.9",44.7,"Daphne","Yes",NA,NA,NA
"256","2020-10_south-west_stereo-BRUVs","FH46",0,0,0,5,0,10,0,5,0,90,0,7.5,92.5,0.95,0.825577947481897,"FH","MBH",-33.76618897,114.9288721,20201017,"09:28:00","South-west","Fished","C.FH.9",44.9,"Daphne","Yes",NA,NA,NA
"257","2020-10_south-west_stereo-BRUVs","IO299",0,0,0,0,0,0,0,0,0,100,0,7.5,92.5,0.333333333333333,0.483045891539648,"IO","MBH",-34.08118897,114.6763721,20201023,"09:32:00","South-west","No-take","C.IO.14",139,"Rachel","Yes",NA,"National Park Zone",NA
"258","2020-10_south-west_stereo-BRUVs","IO66",0,0,0,53.8461538461538,0,92.3076923076922,34.6153846153846,3.84615384615385,0,7.69230769230769,0,0,100,2.42307692307692,0.643308754678618,"IO","MBH",-34.01618897,114.8813721,20201019,"09:36:00","South-west","Fished","C.IO.19",42.8,"Rachel","Yes",NA,"Special Purpose Zone (Mining Exclusion)",NA
"259","2020-10_south-west_stereo-BRUVs","IO298",0,0,0,0,0,0,0,0,0,100,0,0,100,0.3,0.470162345981627,"IO","MBH",-34.07618897,114.6713721,20201023,"09:39:00","South-west","No-take","C.IO.14",138,"Rachel","Yes",NA,"National Park Zone",NA
"260","2020-10_south-west_stereo-BRUVs","FH23",0,36,0,8,0,92,48,0,0,8,0,0,100,2.48,0.653197264742181,"FH","MBH",-33.94618897,114.8288721,20201013,"09:51:00","South-west","Fished","C.FH.22",44.2,"Daphne","Yes",NA,"Special Purpose Zone (Mining Exclusion)",NA
"261","2020-10_south-west_stereo-BRUVs","IO199",0,5,0,65,0,100,30,0,0,0,0,5,95,2.6,0.502624689950035,"IO","MBH",-34.08618897,114.8613721,20201016,"09:51:00","South-west","No-take","C.IO.6",42.1,"Claude","Yes","Yes","National Park Zone",NA
"262","2020-10_south-west_stereo-BRUVs","IO195",0,0,0,62.962962962963,0,88.8888888888889,25.9259259259259,0,0,11.1111111111111,0,0,100,2.33333333333333,0.679366220486757,"IO","MBH",-34.09368897,114.8588721,20201016,"09:57:00","South-west","No-take","C.IO.6",43.4,"Brooke Gibbons","Yes",NA,"National Park Zone",NA
"263","2020-10_south-west_stereo-BRUVs","IO109",0,0,0,0,0,0,0,0,0,100,0,0,100,0.25,0.550119604220181,"IO","MBH",-34.05618897,114.6738721,20201023,"09:57:00","South-west","No-take","C.IO.30",138,"Rachel","Yes",NA,"National Park Zone",NA
"264","2020-10_south-west_stereo-BRUVs","FH40",0,7.69230769230769,0,76.9230769230769,0,84.6153846153846,0,0,0,15.3846153846154,0,0,100,2,0.912870929175277,"FH","MBH",-33.92368897,114.8888721,20201029,"12:40:00","South-west","Fished","C.FH.21",42.9,NA,NA,"No","Special Purpose Zone (Mining Exclusion)",NA
"265","2020-10_south-west_stereo-BRUVs","FH113",0,10,0,10,0,100,70,10,0,0,0,0,100,2.7,0.483045891539648,"FH","MBH",-33.72368897,114.7963721,20201012,"12:41:00","South-west","Fished","C.FH.7",45,NA,NA,"No","Special Purpose Zone (Mining Exclusion)",NA
"266","2020-10_south-west_stereo-BRUVs","IO311",44,0,12,16,0,100,0,28,0,0,0,7.5,92.5,2.36,0.489897948556636,"IO","MBH",-34.05618897,114.7688721,20201015,"10:03:00","South-west","No-take","C.IO.8",66.1,"Brooke Gibbons","Yes",NA,"National Park Zone",NA
"267","2020-10_south-west_stereo-BRUVs","FH77",0,0,0,100,0,100,0,0,0,0,0,0,100,2,0,"FH","MBH",-33.99618897,114.8763721,20201013,"12:42:00","South-west","Fished","C.FH.24",42,NA,NA,"No","Special Purpose Zone (Mining Exclusion)",NA
"268","2020-10_south-west_stereo-BRUVs","IO349",0,0,0,0,0,5,0,5,0,95,0,7.5,92.5,0.95,0.394034462826206,"IO","MBH",-34.02368897,114.5963721,20201123,"10:03","South-west","Fished","C.IO.27",133,"Rachel","Yes","Yes","Special Purpose Zone (Mining Exclusion)",NA
"269","2020-10_south-west_stereo-BRUVs","FH2",0,0,0,0,0,100,100,0,0,0,0,0,100,3,0,"FH","MBH",-33.91868897,114.8913721,20201029,"12:43:00","South-west","Fished","C.FH.21",43.9,NA,NA,"No","Special Purpose Zone (Mining Exclusion)",NA
"270","2020-10_south-west_stereo-BRUVs","IO310",3.7037037037037,0,3.7037037037037,3.7037037037037,0,44.4444444444444,0,33.3333333333333,0,55.5555555555556,0,0,100,1.44444444444444,0.847318545736323,"IO","MBH",-34.05868897,114.7738721,20201015,"10:06:00","South-west","No-take","C.IO.8",64.7,"Brooke Gibbons","Yes",NA,"National Park Zone",NA
"271","2020-10_south-west_stereo-BRUVs","IO308",0,0,0,0,0,0,0,0,0,100,0,0,100,0.454545454545455,0.505649896847432,"IO","MBH",-34.11118897,114.7288721,20201022,"10:06:00","South-west","No-take","C.IO.9",126,"Rachel","Yes",NA,"National Park Zone",NA
"272","2020-10_south-west_stereo-BRUVs","IO92",0,0,0,86.9565217391304,0,100,13.0434782608696,0,0,0,0,0,100,2.34782608695652,0.486984753557674,"IO","MBH",-34.09868897,114.8863721,20201016,"10:16:00","South-west","No-take","C.IO.52",42.3,"Brooke Gibbons","Yes",NA,"National Park Zone",NA
"273","2020-10_south-west_stereo-BRUVs","IO146",0,48.1481481481481,0,22.2222222222222,0,81.4814814814814,11.1111111111111,0,0,18.5185185185185,0,7.5,92.5,2.14814814814815,0.718101326881879,"IO","MBH",-33.97618897,114.8213721,20201013,"10:17:00","South-west","Fished","C.IO.33",45.7,"Claude","Yes","Yes","Special Purpose Zone (Mining Exclusion)",NA
"274","2020-10_south-west_stereo-BRUVs","IO119",0,0,0,83.3333333333333,0,100,0,16.6666666666667,0,0,0,7.5,92.5,2.20833333333333,0.414851116999053,"IO","MBH",-34.07618897,114.9038721,20201029,"10:17:00","South-west","No-take","C.IO.39",43.8,"Rachel","Yes",NA,"National Park Zone",NA
"275","2020-10_south-west_stereo-BRUVs","IO235",0,6.66666666666667,0,20,0,60,0,33.3333333333333,0,40,0,0,100,2.06666666666667,0.961150104723255,"IO","MBH",-34.06618897,114.9138721,20201016,"12:49:00","South-west","No-take","C.IO.2",46.5,NA,NA,"No","National Park Zone",NA
"276","2020-10_south-west_stereo-BRUVs","IO100",0,0,0,75,0,92.8571428571428,10.7142857142857,7.14285714285714,0,7.14285714285714,0,0,100,2.28571428571429,0.599823607228292,"IO","MBH",-34.07618897,114.9088721,20201029,"10:21:00","South-west","No-take","C.IO.39",43.6,"Rachel","Yes",NA,"National Park Zone",NA
"277","2020-10_south-west_stereo-BRUVs","IO36",0,0,0,0,0,0,0,0,0,100,0,0,100,0.12,0.33166247903554,"IO","MBH",-34.10368897,114.7188721,20201022,"10:23:00","South-west","No-take","C.IO.55",130,"Rachel","Yes",NA,"National Park Zone",NA
"278","2020-10_south-west_stereo-BRUVs","IO147",0,3.84615384615385,0,88.4615384615385,0,100,7.69230769230769,0,0,0,0,0,100,2.57692307692308,0.503831473655779,"IO","MBH",-33.98118897,114.8313721,20201013,"10:28:00","South-west","Fished","C.IO.33",44,"Claude","Yes","Yes","Special Purpose Zone (Mining Exclusion)",NA
"279","2020-10_south-west_stereo-BRUVs","FH15",0,0,0,0,0,0,0,0,0,100,0,20,80,0,0,"FH","MBH",-33.68868897,114.8063721,20201012,"10:29:00","South-west","Fished","C.FH.4",48,"Daphne","Yes",NA,"Special Purpose Zone (Mining Exclusion)",NA
"280","2020-10_south-west_stereo-BRUVs","IO306",0,0,0,0,0,0,0,0,0,100,0,7.5,92.5,0.0454545454545455,0.21320071635561,"IO","MBH",-34.10118897,114.7338721,20201022,"10:29:00","South-west","No-take","C.IO.10",124,"Rachel","Yes",NA,"National Park Zone",NA
"281","2020-10_south-west_stereo-BRUVs","IO148",0,0,0,0,0,4,0,4,0,96,0,0,100,0.8,0.645497224367903,"IO","MBH",-34.01118897,114.5963721,20201123,"10:31","South-west","Fished","C.IO.46",140,"Rachel","Yes","Yes","Special Purpose Zone (Mining Exclusion)",NA
"282","2020-10_south-west_stereo-BRUVs","FH30",0,0,0,100,0,100,0,0,0,0,0,7.5,92.5,2.81818181818182,0.394771016975861,"FH","MBH",-33.75118897,114.8888721,20201017,"11:12:00","South-west","Fished","C.FH.8",46.2,"Daphne","Yes",NA,"Special Purpose Zone (Mining Exclusion)",NA
"283","2020-10_south-west_stereo-BRUVs","FHCO2",0,25.9259259259259,0,33.3333333333333,0,99.9999999999999,40.7407407407407,0,0,0,0,0,100,2.59259259259259,0.50071174413254,"FH","Legacy",-33.72358,114.813293,20201012,"11:13:00","South-west","Fished","C.FH.6",42,"Daphne","Yes",NA,"Special Purpose Zone (Mining Exclusion)",NA
"284","2020-10_south-west_stereo-BRUVs","FH93",0,0,3.7037037037037,0,0,100,77.7777777777778,18.5185185185185,0,0,0,0,100,2.96296296296296,0.192450089729875,"FH","MBH",-33.77618897,114.8688721,20201017,"11:33:00","South-west","Fished","C.FH.10",43.3,"Daphne","Yes",NA,"Special Purpose Zone (Mining Exclusion)",NA
"285","2020-10_south-west_stereo-BRUVs","IO244",0,20,0,48,0,80,0,12,0,20,0,0,100,1.88,0.525991127935317,"IO","MBH",-34.00368897,114.9063721,20201019,"11:35:00","South-west","Fished","C.IO.47",44.7,"Ramesh","Yes",NA,"Special Purpose Zone (Mining Exclusion)",NA
"286","2020-10_south-west_stereo-BRUVs","IO260",7.69230769230769,0,0,38.4615384615385,0,100,34.6153846153846,19.2307692307692,0,0,0,0,100,2.46153846153846,0.508391127441794,"IO","MBH",-33.97118897,114.9163721,20201019,"11:55:00","South-west","Fished","C.IO.20",46.3,"Rachel","Yes",NA,NA,NA
"287","2020-10_south-west_stereo-BRUVs","IO324",0,0,0,0,0,0,0,0,0,100,0,0,100,0.75,0.442325868464691,"IO","MBH",-34.00006,114.639778,20201023,"11:59:00","South-west","Fished","C.IO.26",141,"Rachel","Yes",NA,"Special Purpose Zone (Mining Exclusion)",NA
"288","2020-10_south-west_stereo-BRUVs","IO259",0,0,0,24,0,100,0,76,0,0,0,5,95,2.64,0.489897948556636,"IO","MBH",-33.96868897,114.9213721,20201019,"12:00:00","South-west","Fished","C.IO.20",46.8,"Rachel","Yes",NA,NA,NA
"289","2020-10_south-west_stereo-BRUVs","IO254",4,0,4,0,0,12,0,4,0,88,0,0,100,1.12,0.665832811847939,"IO","MBH",-34.01868897,114.6963721,20201029,"08:51:00","South-west","Fished","C.IO.49",129,NA,"No","No","Special Purpose Zone (Mining Exclusion)",NA
"290","2020-10_south-west_stereo-BRUVs","IO254",4,0,4,0,0,12,0,4,0,88,0,0,100,1.12,0.665832811847939,"IO","MBH",-34.01868897,114.6963721,20201123,"12:10","South-west","Fished","C.IO.49",119,"Rachel","Yes","Yes","Special Purpose Zone (Mining Exclusion)",NA
"291","2020-10_south-west_stereo-BRUVs","IO5",16.6666666666667,0,0,0,0,20.8333333333334,0,4.16666666666667,0,79.1666666666667,0,0,100,1.04166666666667,0.750603621828092,"IO","MBH",-34.08868897,114.7763721,20201015,"12:12:00","South-west","No-take","C.IO.43",66.7,"Claude","Yes","Yes","National Park Zone",NA
"292","2020-10_south-west_stereo-BRUVs","IO134",0,0,0,52,0,96,44,0,0,4,0,0,100,2.6,0.577350269189626,"IO","MBH",-33.98368897,114.8613721,20201013,"12:14:00","South-west","Fished","C.IO.37",41.2,"Claude","Yes","Yes","Special Purpose Zone (Mining Exclusion)",NA
"293","2020-10_south-west_stereo-BRUVs","IO191",8.69565217391304,0,0,0,0,8.69565217391304,0,0,0,91.304347826087,0,0,100,0.652173913043478,0.647280721183483,"IO","MBH",-33.99868897,114.6713721,20201023,"12:20:00","South-west","Fished","C.IO.40",137,"Rachel","Yes",NA,"Special Purpose Zone (Mining Exclusion)",NA
"294","2020-10_south-west_stereo-BRUVs","IO236",0,4,0,48,0,96,0,44,0,4,0,0,100,2.16,0.472581562625261,"IO","MBH",-34.08118897,114.9238721,20201016,"12:22:00","South-west","No-take","C.IO.1",46.8,"Hayley","Yes","Yes","National Park Zone",NA
"295","2020-10_south-west_stereo-BRUVs","IO194",0,0,0,0,0,0,0,0,0,100,0,10,90,0.666666666666667,0.492365963917331,"IO","MBH",-33.99618897,114.6638721,20201023,"12:24:00","South-west","Fished","C.IO.40",139,"Rachel","Yes",NA,"Special Purpose Zone (Mining Exclusion)",NA
"296","2020-10_south-west_stereo-BRUVs","FH111",0,8,0,32,0,60,20,0,0,40,0,7.5,92.5,1.72,0.842614977317636,"FH","MBH",-33.98618897,114.8788721,20201013,"12:28:00","South-west","Fished","C.FH.24",41.4,"Daphne","Yes",NA,"Special Purpose Zone (Mining Exclusion)",NA
"297","2020-10_south-west_stereo-BRUVs","IO331",0,0,0,0,0,0,0,0,0,100,0,7.5,92.5,0,0,"IO","MBH",-34.0984,114.75005,20201022,"12:30:00","South-west","No-take","C.IO.11",112,"Rachel","Yes",NA,"National Park Zone",NA
"298","2020-10_south-west_stereo-BRUVs","IO126",0,15.3846153846154,0,57.6923076923077,0,100,26.9230769230769,0,0,0,0,0,100,2.5,0.509901951359279,"IO","MBH",-34.11368897,114.8188721,20201015,"12:31:00","South-west","No-take","C.IO.59",58.2,"Brooke Gibbons","Yes",NA,"National Park Zone",NA
"299","2020-10_south-west_stereo-BRUVs","IO275",0,0,25,0,0,37.5,0,12.5,0,62.5,0,0,100,1.125,1.5,"IO","MBH",-34.09868897,114.6463721,20201123,"14:38","South-west","No-take","C.IO.15",140,NA,NA,"No","National Park Zone",NA
"300","2020-10_south-west_stereo-BRUVs","IO71",0,0,0,0,0,0,0,0,0,100,0,7.5,92.5,0.0454545454545455,0.21320071635561,"IO","MBH",-34.00368897,114.6988721,20201123,"12:31","South-west","Fished","C.IO.41",121,"Rachel","Yes","Yes","Special Purpose Zone (Mining Exclusion)",NA
"301","2020-10_south-west_stereo-BRUVs","FH8",0,4,0,44,0,100,52,0,0,0,0,0,100,2.64,0.489897948556636,"FH","MBH",-33.72368897,114.8013721,20201012,"12:34:00","South-west","Fished","C.FH.7",43.9,"Daphne","Yes",NA,"Special Purpose Zone (Mining Exclusion)",NA
"302","2020-10_south-west_stereo-BRUVs","IO122",0,0,0,88,0,100,12,0,0,0,0,5,95,2.48,0.509901951359279,"IO","MBH",-34.11618897,114.8263721,20201015,"12:35:00","South-west","No-take","C.IO.59",57.4,"Brooke Gibbons","Yes",NA,"National Park Zone",NA
"303","2020-10_south-west_stereo-BRUVs","IO356",0,3.2258064516129,0,35.4838709677419,0,80.6451612903225,0,41.9354838709677,0,19.3548387096774,0,0,100,2.2258064516129,0.804556914057041,"IO","MBH",-34.06956667,114.9184667,20201016,"12:39:00","South-west","No-take","C.IO.2",46.8,"Claude","Yes","Yes","National Park Zone",NA
"304","2020-10_south-west_stereo-BRUVs","IO217",0,4,0,4,0,8,0,0,0,92,0,5,95,1,0.288675134594813,"IO","MBH",-34.06618897,114.9188721,20201016,"12:43:00","South-west","No-take","C.IO.2",47.1,"Claude","Yes","Yes","National Park Zone",NA
"305","2020-10_south-west_stereo-BRUVs","IO313",0,0,0,0,0,0,0,0,0,100,0,0,100,0.16,0.374165738677394,"IO","MBH",-34.09618897,114.7563721,20201022,"12:47:00","South-west","No-take","C.IO.11",108,"Rachel","Yes",NA,"National Park Zone",NA
"306","2020-10_south-west_stereo-BRUVs","IO133",0,0,0,34.6153846153846,0,100,65.3846153846154,0,0,0,0,0,100,2.92307692307692,0.271746488194703,"IO","MBH",-33.99118897,114.8663721,20201013,"12:50:00","South-west","Fished","C.IO.37",40.8,"Daphne","Yes",NA,"Special Purpose Zone (Mining Exclusion)",NA
"307","2020-10_south-west_stereo-BRUVs","FH84",0,7.40740740740741,0,55.5555555555556,0,85.1851851851852,22.2222222222222,0,0,14.8148148148148,0,7.5,92.5,2.2962962962963,0.724027985796491,"FH","MBH",-33.73368897,114.7988721,20201012,"12:50:00","South-west","Fished","C.FH.7",45.6,"Daphne","Yes",NA,"Special Purpose Zone (Mining Exclusion)",NA
"308","2020-10_south-west_stereo-BRUVs","FH85",0,0,0,46.1538461538462,0,69.2307692307693,0,23.0769230769231,0,30.7692307692308,0,0,100,2.07692307692308,0.862316498502576,"FH","MBH",-33.92618897,114.9138721,20201029,"12:55:00","South-west","Fished","C.FH.20",44.7,"Daphne","Yes",NA,"Special Purpose Zone (Mining Exclusion)",NA
"309","2020-10_south-west_stereo-BRUVs","FH49",0,0,0,50,0,100,5,45,0,0,0,7.5,92.5,2.5,0.512989176042577,"FH","MBH",-33.92118897,114.9163721,20201029,"13:00:00","South-west","Fished","C.FH.20",43.9,"Daphne","Yes",NA,"Special Purpose Zone (Mining Exclusion)",NA
"310","2020-10_south-west_stereo-BRUVs","IO294",9.09090909090909,0,12.1212121212121,0,0,24.2424242424242,0,3.03030303030303,0,75.7575757575758,0,0,100,1.15151515151515,0.712443511849015,"IO","MBH",-34.08368897,114.7538721,20201022,"13:04:00","South-west","No-take","C.IO.12",114,"Rachel","Yes",NA,"National Park Zone",NA
"311","2020-10_south-west_stereo-BRUVs","FH21",0,12,0,40,0,100,48,0,0,0,0,0,100,2.64,0.489897948556636,"FH","MBH",-33.79368897,114.8088721,20201012,"13:26:00","South-west","Fished","C.FH.12",45,"Daphne","Yes",NA,"Special Purpose Zone (Mining Exclusion)",NA
"312","2020-10_south-west_stereo-BRUVs","IO354",0,6.06060606060606,0,57.5757575757576,0,100,36.3636363636364,0,0,0,0,7.5,92.5,2.90909090909091,0.291937104060571,"IO","MBH",-34.06605,114.84,20201015,"14:29:00","South-west","No-take","C.IO.4",45,"Brooke Gibbons","Yes",NA,"National Park Zone",NA
"313","2020-10_south-west_stereo-BRUVs","IO226",0,0,0,86.9565217391304,0,86.9565217391304,0,0,0,13.0434782608696,0,0,100,2.26086956521739,0.688700443150182,"IO","MBH",-34.06368897,114.8438721,20201015,"14:32:00","South-west","No-take","C.IO.4",42.8,"Brooke Gibbons","Yes",NA,"National Park Zone",NA
"314","2020-10_south-west_stereo-BRUVs","IO220",0,4,0,92,0,100,0,4,0,0,0,0,100,2.36,0.489897948556636,"IO","MBH",-34.05618897,114.8438721,20201015,"14:39:00","South-west","No-take","C.IO.5",43.7,"Brooke Gibbons","Yes",NA,"National Park Zone",NA
"315","2020-10_south-west_stereo-BRUVs","FH66",0,0,0,16,0,100,72,12,0,0,0,7.5,92.5,2.92,0.276887462097269,"FH","MBH",-33.90618897,114.9363721,20201029,"14:40:00","South-west","Fished","C.FH.18",41.8,"Daphne","Yes",NA,NA,NA
"316","2020-10_south-west_stereo-BRUVs","FH39",4.16666666666667,0,0,75,0,91.6666666666667,0,12.5,0,8.33333333333333,0,0,100,2.08333333333333,0.503610155185335,"FH","MBH",-33.90368897,114.9313721,20201029,"14:44:00","South-west","Fished","C.FH.18",44.8,"Daphne","Yes",NA,NA,NA
"317","2020-10_south-west_stereo-BRUVs","FH110",0,31.8181818181818,0,18.1818181818182,0,81.8181818181818,9.09090909090909,22.7272727272727,0,18.1818181818182,0,0,100,2,0.925820099772551,"FH","MBH",-33.80868897,114.8213721,20201012,"15:06:00","South-west","Fished","C.FH.13",44.7,"Daphne","Yes",NA,"Special Purpose Zone (Mining Exclusion)",NA
"318","2020-10_south-west_stereo-BRUVs","FH17",0,0,3.84615384615385,76.9230769230769,0,80.7692307692308,0,0,0,19.2307692307692,0,10,90,1.84615384615385,0.464095480892257,"FH","MBH",-33.83368897,114.8763721,20201012,"15:35:00","South-west","Fished","C.FH.14",42.9,"Daphne","Yes",NA,"Special Purpose Zone (Mining Exclusion)",NA
"319","2020-10_south-west_stereo-BRUVs","FH92",0,0,0,50,0,96.4285714285715,42.8571428571429,3.57142857142857,0,3.57142857142857,0,0,100,2.67857142857143,0.547964004533647,"FH","MBH",-33.84368897,114.8713721,20201012,"15:47:00","South-west","Fished","C.FH.14",44.2,"Daphne","Yes",NA,"Special Purpose Zone (Mining Exclusion)",NA
